,Mega,Micro,Mid,Small
MSFT,1.0,0.0,0.0,0.0
AAPL,1.0,0.0,0.0,0.0
NVDA,1.0,0.0,0.0,0.0
AMZN,1.0,0.0,0.0,0.0
GOOG,1.0,0.0,0.0,0.0
GOOGL,1.0,0.0,0.0,0.0
META,1.0,0.0,0.0,0.0
LLY,1.0,0.0,0.0,0.0
AVGO,1.0,0.0,0.0,0.0
TSLA,1.0,0.0,0.0,0.0
JPM,1.0,0.0,0.0,0.0
XOM,1.0,0.0,0.0,0.0
WMT,1.0,0.0,0.0,0.0
UNH,1.0,0.0,0.0,0.0
MA,1.0,0.0,0.0,0.0
V,1.0,0.0,0.0,0.0
PG,1.0,0.0,0.0,0.0
JNJ,1.0,0.0,0.0,0.0
ASML,1.0,0.0,0.0,0.0
HD,1.0,0.0,0.0,0.0
MRK,1.0,0.0,0.0,0.0
ORCL,1.0,0.0,0.0,0.0
COST,1.0,0.0,0.0,0.0
CVX,1.0,0.0,0.0,0.0
BAC,1.0,0.0,0.0,0.0
ABBV,1.0,0.0,0.0,0.0
KO,1.0,0.0,0.0,0.0
CRM,1.0,0.0,0.0,0.0
AMD,1.0,0.0,0.0,0.0
NFLX,1.0,0.0,0.0,0.0
PEP,1.0,0.0,0.0,0.0
TMO,1.0,0.0,0.0,0.0
ADBE,1.0,0.0,0.0,0.0
DIS,1.0,0.0,0.0,0.0
WFC,1.0,0.0,0.0,0.0
ACN,1.0,0.0,0.0,0.0
MCD,1.0,0.0,0.0,0.0
NVS,1.0,0.0,0.0,0.0
CSCO,1.0,0.0,0.0,0.0
TMUS,1.0,0.0,0.0,0.0
ABT,1.0,0.0,0.0,0.0
QCOM,1.0,0.0,0.0,0.0
DHR,1.0,0.0,0.0,0.0
INTU,1.0,0.0,0.0,0.0
GE,1.0,0.0,0.0,0.0
AMAT,1.0,0.0,0.0,0.0
PDD,1.0,0.0,0.0,0.0
AXP,1.0,0.0,0.0,0.0
CAT,1.0,0.0,0.0,0.0
VZ,1.0,0.0,0.0,0.0
TXN,1.0,0.0,0.0,0.0
IBM,1.0,0.0,0.0,0.0
NOW,1.0,0.0,0.0,0.0
COP,1.0,0.0,0.0,0.0
CMCSA,1.0,0.0,0.0,0.0
MS,1.0,0.0,0.0,0.0
AMGN,1.0,0.0,0.0,0.0
UNP,1.0,0.0,0.0,0.0
PM,1.0,0.0,0.0,0.0
PFE,1.0,0.0,0.0,0.0
NEE,1.0,0.0,0.0,0.0
GS,1.0,0.0,0.0,0.0
UBER,1.0,0.0,0.0,0.0
RTX,1.0,0.0,0.0,0.0
ISRG,1.0,0.0,0.0,0.0
LOW,1.0,0.0,0.0,0.0
INTC,1.0,0.0,0.0,0.0
SCHW,1.0,0.0,0.0,0.0
ETN,1.0,0.0,0.0,0.0
SYK,1.0,0.0,0.0,0.0
SPGI,1.0,0.0,0.0,0.0
LRCX,1.0,0.0,0.0,0.0
HON,1.0,0.0,0.0,0.0
ELV,1.0,0.0,0.0,0.0
T,1.0,0.0,0.0,0.0
PGR,1.0,0.0,0.0,0.0
BKNG,1.0,0.0,0.0,0.0
C,1.0,0.0,0.0,0.0
BLK,1.0,0.0,0.0,0.0
NKE,1.0,0.0,0.0,0.0
DE,1.0,0.0,0.0,0.0
MU,1.0,0.0,0.0,0.0
LMT,1.0,0.0,0.0,0.0
TJX,1.0,0.0,0.0,0.0
BSX,1.0,0.0,0.0,0.0
MDT,1.0,0.0,0.0,0.0
UPS,1.0,0.0,0.0,0.0
BA,1.0,0.0,0.0,0.0
VRTX,1.0,0.0,0.0,0.0
ADP,1.0,0.0,0.0,0.0
SBUX,1.0,0.0,0.0,0.0
ADI,1.0,0.0,0.0,0.0
CI,1.0,0.0,0.0,0.0
PLD,1.0,0.0,0.0,0.0
CB,1.0,0.0,0.0,0.0
KLAC,1.0,0.0,0.0,0.0
REGN,1.0,0.0,0.0,0.0
MMC,1.0,0.0,0.0,0.0
MDLZ,1.0,0.0,0.0,0.0
PANW,1.0,0.0,0.0,0.0
BMY,1.0,0.0,0.0,0.0
CMG,1.0,0.0,0.0,0.0
FI,1.0,0.0,0.0,0.0
KKR,1.0,0.0,0.0,0.0
BX,1.0,0.0,0.0,0.0
CVS,1.0,0.0,0.0,0.0
WM,1.0,0.0,0.0,0.0
ANET,1.0,0.0,0.0,0.0
AMT,1.0,0.0,0.0,0.0
UBS,1.0,0.0,0.0,0.0
SNPS,1.0,0.0,0.0,0.0
GILD,1.0,0.0,0.0,0.0
HCA,1.0,0.0,0.0,0.0
GD,1.0,0.0,0.0,0.0
SO,1.0,0.0,0.0,0.0
EOG,1.0,0.0,0.0,0.0
CDNS,1.0,0.0,0.0,0.0
SHW,1.0,0.0,0.0,0.0
DUK,1.0,0.0,0.0,0.0
TGT,1.0,0.0,0.0,0.0
FCX,1.0,0.0,0.0,0.0
ICE,1.0,0.0,0.0,0.0
CME,1.0,0.0,0.0,0.0
APH,1.0,0.0,0.0,0.0
ITW,1.0,0.0,0.0,0.0
ZTS,1.0,0.0,0.0,0.0
CL,1.0,0.0,0.0,0.0
MO,1.0,0.0,0.0,0.0
STLA,1.0,0.0,0.0,0.0
TDG,1.0,0.0,0.0,0.0
NOC,1.0,0.0,0.0,0.0
PH,1.0,0.0,0.0,0.0
CRWD,1.0,0.0,0.0,0.0
MAR,1.0,0.0,0.0,0.0
ABNB,1.0,0.0,0.0,0.0
MPC,1.0,0.0,0.0,0.0
SLB,1.0,0.0,0.0,0.0
MCK,1.0,0.0,0.0,0.0
PYPL,1.0,0.0,0.0,0.0
CTAS,1.0,0.0,0.0,0.0
BDX,1.0,0.0,0.0,0.0
MCO,1.0,0.0,0.0,0.0
EQIX,1.0,0.0,0.0,0.0
TT,1.0,0.0,0.0,0.0
CSX,1.0,0.0,0.0,0.0
FDX,1.0,0.0,0.0,0.0
NXPI,1.0,0.0,0.0,0.0
USB,1.0,0.0,0.0,0.0
SMCI,0.6286,0.0,0.3714,0.0
PSX,1.0,0.0,0.0,0.0
ECL,1.0,0.0,0.0,0.0
EMR,1.0,0.0,0.0,0.0
PNC,1.0,0.0,0.0,0.0
EPD,1.0,0.0,0.0,0.0
ORLY,1.0,0.0,0.0,0.0
APO,1.0,0.0,0.0,0.0
CEG,1.0,0.0,0.0,0.0
RSG,1.0,0.0,0.0,0.0
AON,1.0,0.0,0.0,0.0
OXY,1.0,0.0,0.0,0.0
MRVL,1.0,0.0,0.0,0.0
PCAR,1.0,0.0,0.0,0.0
MSI,1.0,0.0,0.0,0.0
MNST,1.0,0.0,0.0,0.0
CARR,0.9999,0.0,0.0001,0.0
WELL,1.0,0.0,0.0,0.0
COF,1.0,0.0,0.0,0.0
VLO,1.0,0.0,0.0,0.0
CRH,0.9998,0.0,0.0002,0.0
ROP,1.0,0.0,0.0,0.0
SPOT,0.9991,0.0,0.0009,0.0
NSC,1.0,0.0,0.0,0.0
GM,0.979,0.0,0.021,0.0
CPRT,0.9999,0.0,0.0001,0.0
SNOW,0.9274,0.0,0.0726,0.0
APD,0.9985,0.0,0.0015,0.0
WDAY,0.9985,0.0,0.0015,0.0
ET,0.9996,0.0,0.0004,0.0
EW,0.8031,0.0,0.1969,0.0
AZO,0.8791,0.0,0.1209,0.0
AJG,0.3366,0.0,0.6634,0.0
HLT,0.1594,0.0,0.8406,0.0
TFC,0.3127,0.0,0.6873,0.0
MCHP,0.2119,0.0,0.7881,0.0
MMM,0.3079,0.0,0.6921,0.0
DXCM,0.1916,0.0,0.8084,0.0
AIG,0.078,0.0,0.922,0.0
HES,0.1095,0.0,0.8905,0.0
MET,0.1671,0.0,0.8329,0.0
DASH,0.2113,0.0,0.7887,0.0
FTNT,0.0053,0.0,0.9947,0.0
PLTR,0.0057,0.0,0.9943,0.0
NEM,0.0799,0.0,0.9201,0.0
TRV,0.0027,0.0,0.9973,0.0
F,0.0613,0.0,0.9387,0.0
URI,0.0,0.0,1.0,0.0
COR,0.0,0.0,1.0,0.0
WMB,0.0,0.0,1.0,0.0
AFL,0.0,0.0,1.0,0.0
KHC,0.0,0.0,1.0,0.0
O,0.0,0.0,1.0,0.0
OKE,0.0,0.0,1.0,0.0
STZ,0.0,0.0,1.0,0.0
ADSK,0.0,0.0,1.0,0.0
SRE,0.0,0.0,1.0,0.0
SPG,0.0,0.0,1.0,0.0
DLR,0.0,0.0,1.0,0.0
PSA,0.0,0.0,1.0,0.0
GWW,0.0,0.0,1.0,0.0
GEV,0.0,0.0,1.0,0.0
AEP,0.0,0.0,1.0,0.0
DHI,0.0003,0.0,0.9997,0.0
KMB,0.0,0.0,1.0,0.0
ALL,0.0,0.0,1.0,0.0
PCG,0.0,0.0,1.0,0.0
KDP,0.0,0.0,1.0,0.0
ROST,0.0,0.0,1.0,0.0
TEL,0.0,0.0,1.0,0.0
JCI,0.0,0.0,1.0,0.0
COIN,0.0005,0.0,0.9995,0.0
MRNA,0.0,0.0,1.0,0.0
IQV,0.0,0.0,1.0,0.0
BK,0.0,0.0,1.0,0.0
PAYX,0.0,0.0,1.0,0.0
SQ,0.0,0.0,1.0,0.0
D,0.0,0.0,1.0,0.0
KMI,0.0,0.0,1.0,0.0
LHX,0.0,0.0,1.0,0.0
CCI,0.0,0.0,1.0,0.0
NUE,0.0,0.0,1.0,0.0
IDXX,0.0,0.0,1.0,0.0
MPLX,0.0,0.0,1.0,0.0
GEHC,0.0,0.0,1.0,0.0
AME,0.0,0.0,1.0,0.0
A,0.0,0.0,1.0,0.0
DOW,0.0,0.0,1.0,0.0
AMP,0.0,0.0,1.0,0.0
GIS,0.0,0.0,1.0,0.0
ODFL,0.0,0.0,1.0,0.0
YUM,0.0,0.0,1.0,0.0
CMI,0.0,0.0,1.0,0.0
PRU,0.0,0.0,1.0,0.0
DDOG,0.0,0.0,1.0,0.0
DELL,0.0,0.0,1.0,0.0
LEN,0.0,0.0,1.0,0.0
KR,0.0,0.0,1.0,0.0
FAST,0.0,0.0,1.0,0.0
PWR,0.0,0.0,1.0,0.0
CTVA,0.0,0.0,1.0,0.0
CNC,0.0,0.0,1.0,0.0
FIS,0.0,0.0,1.0,0.0
ALC,0.0,0.0,1.0,0.0
OTIS,0.0,0.0,1.0,0.0
IR,0.0,0.0,1.0,0.0
MSCI,0.0,0.0,1.0,0.0
CSGP,0.0,0.0,1.0,0.0
SYY,0.0,0.0,1.0,0.0
CPNG,0.0,0.0,1.0,0.0
EXC,0.0,0.0,1.0,0.0
RCL,0.0,0.0,1.0,0.0
CHTR,0.0,0.0,1.0,0.0
MLM,0.0,0.0,1.0,0.0
TTD,0.0,0.0,1.0,0.0
STM,0.0,0.0,1.0,0.0
FANG,0.0,0.0,1.0,0.0
LNG,0.0,0.0,1.0,0.0
KVUE,0.0,0.0,1.0,0.0
HUM,0.0,0.0,1.0,0.0
VRT,0.0,0.0,1.0,0.0
NDAQ,0.0,0.0,1.0,0.0
IT,0.0,0.0,1.0,0.0
DVN,0.0,0.0,1.0,0.0
VMC,0.0,0.0,1.0,0.0
PEG,0.0,0.0,1.0,0.0
ACGL,0.0,0.0,1.0,0.0
HAL,0.0,0.0,1.0,0.0
EA,0.0,0.0,1.0,0.0
RMD,0.0,0.0,1.0,0.0
FLUT,0.0,0.0,1.0,0.0
LVS,0.0,0.0,1.0,0.0
CTSH,0.0,0.0,1.0,0.0
SLMBP,0.0,0.0,1.0,0.0
MPWR,0.0,0.0,1.0,0.0
HUBS,0.0,0.0,1.0,0.0
ED,0.0,0.0,1.0,0.0
LYB,0.0,0.0,1.0,0.0
EL,0.0,0.0,1.0,0.0
DAL,0.0,0.0,1.0,0.0
GPN,0.0,0.0,1.0,0.0
XYL,0.0,0.0,1.0,0.0
BKR,0.0,0.0,1.0,0.0
CDW,0.0,0.0,1.0,0.0
DFS,0.0,0.0,1.0,0.0
VRSK,0.0,0.0,1.0,0.0
ROK,0.0,0.0,1.0,0.0
RYAAY,0.0,0.0,1.0,0.0
VEEV,0.0,0.0,1.0,0.0
DD,0.0,0.0,1.0,0.0
BIIB,0.0,0.0,1.0,0.0
ON,0.0,0.0,1.0,0.0
VICI,0.0,0.0,1.0,0.0
TSCO,0.0,0.0,1.0,0.0
DG,0.0,0.0,1.0,0.0
ADM,0.0,0.0,1.0,0.0
XEL,0.0,0.0,1.0,0.0
PPG,0.0,0.0,1.0,0.0
ANSS,0.0,0.0,1.0,0.0
HIG,0.0,0.0,1.0,0.0
EXR,0.0,0.0,1.0,0.0
WAB,0.0,0.0,1.0,0.0
HSY,0.0,0.0,1.0,0.0
FICO,0.0,0.0,1.0,0.0
EIX,0.0,0.0,1.0,0.0
EFX,0.0,0.0,1.0,0.0
HPQ,0.0,0.0,1.0,0.0
GLW,0.0,0.0,1.0,0.0
MDB,0.0,0.0,1.0,0.0
GRMN,0.0,0.0,1.0,0.0
ZS,0.0,0.0,1.0,0.0
HWM,0.0,0.0,1.0,0.0
VST,0.0,0.0,1.0,0.0
MTD,0.0,0.0,1.0,0.0
CBRE,0.0,0.0,1.0,0.0
GFS,0.0,0.0,1.0,0.0
NET,0.0,0.0,1.0,0.0
FTV,0.0,0.0,1.0,0.0
EBAY,0.0,0.0,1.0,0.0
AVB,0.0,0.0,1.0,0.0
TRGP,0.0,0.0,1.0,0.0
ARES,0.0,0.0,1.0,0.0
CHD,0.0,0.0,1.0,0.0
WEC,0.0,0.0,1.0,0.0
KEYS,0.0,0.0,1.0,0.0
FER,0.0,0.0,1.0,0.0
DLTR,0.0,0.0,1.0,0.0
WST,0.0,0.0,1.0,0.0
PHG,0.0,0.0,1.0,0.0
EQR,0.0,0.0,1.0,0.0
CAH,0.0,0.0,1.0,0.0
ZBH,0.0,0.0,1.0,0.0
RJF,0.0,0.0,1.0,0.0
FITB,0.0,0.0,1.0,0.0
DOV,0.0,0.0,1.0,0.0
ICLR,0.0,0.0,1.0,0.0
TTWO,0.0,0.0,1.0,0.0
MTB,0.0,0.0,1.0,0.0
CQP,0.0,0.0,1.0,0.0
TROW,0.0,0.0,1.0,0.0
AWK,0.0,0.0,1.0,0.0
PHM,0.0,0.0,1.0,0.0
NVR,0.0,0.0,1.0,0.0
AXON,0.0,0.0,1.0,0.0
BR,0.0,0.0,1.0,0.0
VLTO,0.0,0.0,1.0,0.0
BRO,0.0,0.0,1.0,0.0
IRM,0.0,0.0,1.0,0.0
BLDR,0.0,0.0,1.0,0.0
DTE,0.0,0.0,1.0,0.0
WDC,0.0,0.0,1.0,0.0
WY,0.0,0.0,1.0,0.0
STT,0.0,0.0,1.0,0.0
FCNCA,0.0,0.0,1.0,0.0
ALGN,0.0,0.0,1.0,0.0
ETR,0.0,0.0,1.0,0.0
FE,0.0,0.0,1.0,0.0
HPE,0.0,0.0,1.0,0.0
BALL,0.0,0.0,1.0,0.0
ARGX,0.0,0.0,1.0,0.0
IFF,0.0,0.0,1.0,0.0
GPC,0.0,0.0,1.0,0.0
SBAC,0.0,0.0,1.0,0.0
LYV,0.0,0.0,1.0,0.0
HUBB,0.0,0.0,1.0,0.0
ES,0.0,0.0,1.0,0.0
PTC,0.0,0.0,1.0,0.0
RBLX,0.0,0.0,1.0,0.0
STLD,0.0,0.0,1.0,0.0
CPAY,0.0,0.0,1.0,0.0
ROL,0.0,0.0,1.0,0.0
CTRA,0.0,0.0,1.0,0.0
NTAP,0.0,0.0,1.0,0.0
INVH,0.0,0.0,1.0,0.0
BAX,0.0,0.0,1.0,0.0
DECK,0.0,0.0,1.0,0.0
MSTR,0.0,0.0,0.9818,0.0182
ARE,0.0,0.0,1.0,0.0
ILMN,0.0,0.0,1.0,0.0
LPLA,0.0,0.0,1.0,0.0
MT,0.0,0.0,1.0,0.0
MOH,0.0,0.0,1.0,0.0
PPL,0.0,0.0,1.0,0.0
DKNG,0.0,0.0,1.0,0.0
ENTG,0.0,0.0,1.0,0.0
STE,0.0,0.0,1.0,0.0
K,0.0,0.0,1.0,0.0
WRB,0.0,0.0,1.0,0.0
HBAN,0.0,0.0,1.0,0.0
AEE,0.0,0.0,1.0,0.0
ULTA,0.0,0.0,0.9994,0.0006
APTV,0.0,0.0,1.0,0.0
PINS,0.0,0.0,1.0,0.0
WBD,0.0,0.0,1.0,0.0
TYL,0.0,0.0,1.0,0.0
APP,0.0,0.0,1.0,0.0
WLK,0.0,0.0,1.0,0.0
BAH,0.0,0.0,1.0,0.0
DPZ,0.0,0.0,0.9975,0.0025
HRL,0.0,0.0,1.0,0.0
CSL,0.0,0.0,1.0,0.0
SNAP,0.0,0.0,0.9997,0.0003
FSLR,0.0,0.0,1.0,0.0
TER,0.0,0.0,0.9706,0.0294
CBOE,0.0,0.0,1.0,0.0
MKC,0.0,0.0,1.0,0.0
TS,0.0,0.0,1.0,0.0
PFG,0.0,0.0,1.0,0.0
OMC,0.0,0.0,1.0,0.0
CNP,0.0,0.0,1.0,0.0
WSM,0.0,0.0,0.9957,0.0043
WAT,0.0,0.0,0.9993,0.0007
J,0.0,0.0,1.0,0.0
CLX,0.0,0.0,1.0,0.0
ALNY,0.0,0.0,1.0,0.0
RF,0.0,0.0,0.9527,0.0473
MKL,0.0,0.0,1.0,0.0
EQT,0.0,0.0,0.9929,0.0071
TDY,0.0,0.0,0.9125,0.0875
STX,0.0,0.0,0.9377,0.0623
CELH,0.0,0.0,0.185,0.815
DRI,0.0,0.0,0.9994,0.0006
COO,0.0,0.0,0.9121,0.0879
CMS,0.0,0.0,0.946,0.054
CINF,0.0,0.0,0.7716,0.2284
VTR,0.0,0.0,0.9896,0.0104
SYF,0.0,0.0,0.8606,0.1394
ATO,0.0,0.0,0.9287,0.0713
HOLX,0.0,0.0,0.9691,0.0309
TSN,0.0,0.0,0.4148,0.5852
LDOS,0.0,0.0,0.9705,0.0295
BGNE,0.0,0.0,0.6509,0.3491
VRSN,0.0,0.0,0.2703,0.7297
PSTG,0.0,0.0,0.0957,0.9043
EXPE,0.0,0.0,0.2196,0.7804
AVY,0.0,0.0,0.6677,0.3323
GDDY,0.0,0.0,0.7308,0.2692
ERIE,0.0,0.0,0.3347,0.6653
EME,0.0,0.0,0.085,0.915
SWKS,0.0,0.0,0.1548,0.8452
CE,0.0,0.0,0.1165,0.8835
UAL,0.0,0.0,0.4952,0.5048
LII,0.0,0.0,0.0284,0.9716
CCL,0.0,0.0,0.0524,0.9476
AER,0.0,0.0,0.0484,0.9516
NTRS,0.0,0.0,0.0646,0.9354
CUK,0.0,0.0,0.2963,0.7037
IEX,0.0,0.0,0.001,0.999
ZM,0.0,0.0,0.0008,0.9992
BMRN,0.0,0.0,0.0,1.0
JBHT,0.0,0.0,0.0019,0.9981
FITBI,0.0,0.0,0.0,1.0
LH,0.0,0.0,0.0586,0.9414
CG,0.0,0.0,0.0001,0.9999
CRBG,0.0,0.0,0.0,1.0
RS,0.0,0.0,0.0031,0.9969
TXT,0.0,0.0,0.001,0.999
L,0.0,0.0,0.0001,0.9999
FDS,0.0,0.0,0.0,1.0
EXPD,0.0,0.0,0.0,1.0
PKG,0.0,0.0,0.0,1.0
BBY,0.0,0.0,0.0,1.0
EG,0.0,0.0,0.0,1.0
LUV,0.0,0.0,0.0,1.0
ESS,0.0,0.0,0.0,1.0
ENPH,0.0,0.0,0.0004,0.9996
JHX,0.0,0.0,0.0,1.0
WBA,0.0,0.0,0.0,1.0
AVTR,0.0,0.0,0.0002,0.9998
AKAM,0.0,0.0,0.0,1.0
ZBRA,0.0,0.0,0.0,1.0
BSY,0.0,0.0,0.0,1.0
MAA,0.0,0.0,0.0,1.0
SSNC,0.0,0.0,0.0,1.0
DGX,0.0,0.0,0.0,1.0
MRO,0.0,0.0,0.0,1.0
WSO,0.0,0.0,0.0,1.0
MAS,0.0,0.0,0.0,1.0
NRG,0.0,0.0,0.0,1.0
SUI,0.0,0.0,0.0,1.0
CFG,0.0,0.0,0.0,1.0
NDSN,0.0,0.0,0.0,1.0
OKTA,0.0,0.0,0.0,1.0
OC,0.0,0.0,0.0,1.0
CAG,0.0,0.0,0.0,1.0
NTNX,0.0,0.0,0.0,1.0
FWONK,0.0,0.0,0.0,1.0
TRMB,0.0,0.0,0.0,1.0
ALB,0.0,0.0,0.0,1.0
TRU,0.0,0.0,0.0,1.0
BG,0.0,0.0,0.0,1.0
JBL,0.0,0.0,0.0,1.0
CF,0.0,0.0,0.0,1.0
OVV,0.0,0.0,0.0,1.0
AGR,0.0,0.0,0.0,1.0
POOL,0.0,0.0,0.0,1.0
SWK,0.0,0.0,0.0,1.0
FNF,0.0,0.0,0.0,1.0
SNA,0.0,0.0,0.0,1.0
RPM,0.0,0.0,0.0,1.0
TPL,0.0,0.0,0.0,1.0
GGG,0.0,0.0,0.0,1.0
VTRS,0.0,0.0,0.0,1.0
NBIX,0.0,0.0,0.0,1.0
KEY,0.0,0.0,0.0,1.0
CPB,0.0,0.0,0.0,1.0
EPAM,0.0,0.0,0.0,1.0
RBA,0.0,0.0,0.0,1.0
WES,0.0,0.0,0.0,1.0
DT,0.0,0.0,0.0,1.0
HST,0.0,0.0,0.0,1.0
BLD,0.0,0.0,0.0,1.0
DOC,0.0,0.0,0.0,1.0
MGM,0.0,0.0,0.0,1.0
ACM,0.0,0.0,0.0,1.0
AMH,0.0,0.0,0.0,1.0
ALAB,0.0,0.0,0.0,1.0
LNT,0.0,0.0,0.0,1.0
UDR,0.0,0.0,0.0,1.0
LECO,0.0,0.0,0.0,1.0
RVTY,0.0,0.0,0.0,1.0
HOOD,0.0,0.0,0.0,1.0
GEN,0.0,0.0,0.0,1.0
AMCR,0.0,0.0,0.0,1.0
AES,0.0,0.0,0.0,1.0
TOL,0.0,0.0,0.0,1.0
EQH,0.0,0.0,0.0,1.0
LW,0.0,0.0,0.0,1.0
XPO,0.0,0.0,0.0,1.0
USFD,0.0,0.0,0.0,1.0
RPRX,0.0,0.0,0.0,1.0
AZPN,0.0,0.0,0.0,1.0
RGA,0.0,0.0,0.0,1.0
MANH,0.0,0.0,0.0,1.0
SWAV,0.0,0.0,0.0,1.0
WMS,0.0,0.0,0.0,1.0
NI,0.0,0.0,0.0,1.0
PAA,0.0,0.0,0.0,1.0
TAP,0.0,0.0,0.0,1.0
WPC,0.0,0.0,0.0,1.0
MEDP,0.0,0.0,0.0,1.0
PODD,0.0,0.0,0.0,1.0
BEN,0.0,0.0,0.0,1.0
WRK,0.0,0.0,0.0,1.0
BIP,0.0,0.0,0.0,1.0
IP,0.0,0.0,0.0,1.0
MORN,0.0,0.0,0.0,1.0
DKS,0.0,0.0,0.0,1.0
AGNCN,0.0,0.0,0.0,1.0
KIM,0.0,0.0,0.0,1.0
APA,0.0,0.0,0.0,1.0
SRPT,0.0,0.0,0.0,1.0
IPG,0.0,0.0,0.0,1.0
EVRG,0.0,0.0,0.0,1.0
LOGI,0.0,0.0,0.0,1.0
CRL,0.0,0.0,0.0,1.0
SJM,0.0,0.0,0.0,1.0
DVA,0.0,0.0,0.0,1.0
DOCU,0.0,0.0,0.0,1.0
CASY,0.0,0.0,0.0,1.0
FND,0.0,0.0,0.0,1.0
JKHY,0.0,0.0,0.0,1.0
ACI,0.0,0.0,0.0,1.0
SIRI,0.0,0.0,0.0,1.0
CHK,0.0,0.0,0.0,1.0
BURL,0.0,0.0,0.0,1.0
TW,0.0,0.0,0.0,1.0
ALLY,0.0,0.0,0.0,1.0
GLPI,0.0,0.0,0.0,1.0
SOLV,0.0,0.0,0.0,1.0
INCY,0.0,0.0,0.0,1.0
AGNCM,0.0,0.0,0.0,1.0
WING,0.0,0.0,0.0,1.0
FTI,0.0,0.0,0.0,1.0
RNR,0.0,0.0,0.0,1.0
NTRA,0.0,0.0,0.0,1.0
BRKR,0.0,0.0,0.0,1.0
FIX,0.0,0.0,0.0,1.0
SAIA,0.0,0.0,0.0,1.0
QRVO,0.0,0.0,0.0,1.0
JNPR,0.0,0.0,0.0,1.0
EMN,0.0,0.0,0.0,1.0
HEI,0.0,0.0,0.0,1.0
KMX,0.0,0.0,0.0,1.0
LKQ,0.0,0.0,0.0,1.0
DINO,0.0,0.0,0.0,1.0
RRX,0.0,0.0,0.0,1.0
AEG,0.0,0.0,0.0,1.0
ELS,0.0,0.0,0.0,1.0
CNM,0.0,0.0,0.0,1.0
REG,0.0,0.0,0.0,1.0
HII,0.0,0.0,0.0,1.0
PAYC,0.0,0.0,0.0,1.0
EXAS,0.0,0.0,0.0,1.0
ALLE,0.0,0.0,0.0,1.0
AFG,0.0,0.0,0.0,1.0
AR,0.0,0.0,0.0,1.0
TOST,0.0,0.0,0.0,1.0
TXRH,0.0,0.0,0.0,1.0
LSCC,0.0,0.0,0.0,1.0
ITT,0.0,0.0,0.0,1.0
PR,0.0,0.0,0.0,1.0
SCI,0.0,0.0,0.0,1.0
WYNN,0.0,0.0,0.0,1.0
PFGC,0.0,0.0,0.0,1.0
FFIV,0.0,0.0,0.0,1.0
EWBC,0.0,0.0,0.0,1.0
UTHR,0.0,0.0,0.0,1.0
IBKR,0.0,0.0,0.0,1.0
CPT,0.0,0.0,0.0,1.0
BBWI,0.0,0.0,0.0,1.0
TWLO,0.0,0.0,0.0,1.0
PAG,0.0,0.0,0.0,1.0
APG,0.0,0.0,0.0,1.0
TTEK,0.0,0.0,0.0,1.0
CLH,0.0,0.0,0.0,1.0
AOS,0.0,0.0,0.0,1.0
UHS,0.0,0.0,0.0,1.0
BJ,0.0,0.0,0.0,1.0
CTLT,0.0,0.0,0.0,1.0
SNX,0.0,0.0,0.0,1.0
TECH,0.0,0.0,0.0,1.0
AU,0.0,0.0,0.0,1.0
ESTC,0.0,0.0,0.0,1.0
PCOR,0.0,0.0,0.0,1.0
TFX,0.0,0.0,0.0,1.0
MOS,0.0,0.0,0.0,1.0
DOX,0.0,0.0,0.0,1.0
LAMR,0.0,0.0,0.0,1.0
COTY,0.0,0.0,0.0,1.0
CW,0.0,0.0,0.0,1.0
UNM,0.0,0.0,0.0,1.0
WTRG,0.0,0.0,0.0,1.0
THC,0.0,0.0,0.0,1.0
ATR,0.0,0.0,0.0,1.0
DAY,0.0,0.0,0.0,1.0
U,0.0,0.0,0.0,1.0
TREX,0.0,0.0,0.0,1.0
PATH,0.0,0.0,0.0,1.0
RIVN,0.0,0.0,0.0,1.0
NLY,0.0,0.0,0.0,1.0
CCK,0.0,0.0,0.0,1.0
OWL,0.0,0.0,0.0,1.0
GWRE,0.0,0.0,0.0,1.0
HSIC,0.0,0.0,0.0,1.0
REXR,0.0,0.0,0.0,1.0
BXP,0.0,0.0,0.0,1.0
QGEN,0.0,0.0,0.0,1.0
CUBE,0.0,0.0,0.0,1.0
WFRD,0.0,0.0,0.0,1.0
CHDN,0.0,0.0,0.0,1.0
TTC,0.0,0.0,0.0,1.0
TPR,0.0,0.0,0.0,1.0
FBIN,0.0,0.0,0.0,1.0
WWD,0.0,0.0,0.0,1.0
ONTO,0.0,0.0,0.0,1.0
NWSA,0.0,0.0,0.0,1.0
AIZ,0.0,0.0,0.0,1.0
ONON,0.0,0.0,0.0,1.0
RRC,0.0,0.0,0.0,1.0
AAL,0.0,0.0,0.0,1.0
CART,0.0,0.0,0.0,1.0
ACGLO,0.0,0.0,0.0,1.0
CACI,0.0,0.0,0.0,1.0
SN,0.0,0.0,0.0,1.0
XP,0.0,0.0,0.0,1.0
EXP,0.0,0.0,0.0,1.0
ELF,0.0,0.0,0.0,1.0
JLL,0.0,0.0,0.0,1.0
WEX,0.0,0.0,0.0,1.0
JEF,0.0,0.0,0.0,1.0
BWXT,0.0,0.0,0.0,1.0
PCTY,0.0,0.0,0.0,1.0
DCI,0.0,0.0,0.0,1.0
VKTX,0.0,0.0,0.0,1.0
HAS,0.0,0.0,0.0,1.0
RGEN,0.0,0.0,0.0,1.0
KBR,0.0,0.0,0.0,1.0
SKX,0.0,0.0,0.0,1.0
SEIC,0.0,0.0,0.0,1.0
CHE,0.0,0.0,0.0,1.0
MUSA,0.0,0.0,0.0,1.0
AGCO,0.0,0.0,0.0,1.0
ARMK,0.0,0.0,0.0,1.0
DUOL,0.0,0.0,0.0,1.0
AFRM,0.0,0.0,0.0,1.0
PPC,0.0,0.0,0.0,1.0
SWN,0.0,0.0,0.0,1.0
EHC,0.0,0.0,0.0,1.0
GPK,0.0,0.0,0.0,1.0
CLF,0.0,0.0,0.0,1.0
KNSL,0.0,0.0,0.0,1.0
COHR,0.0,0.0,0.0,1.0
CHRW,0.0,0.0,0.0,1.0
GNRC,0.0,0.0,0.0,1.0
CR,0.0,0.0,0.0,1.0
MKSI,0.0,0.0,0.0,1.0
TPX,0.0,0.0,0.0,1.0
NCLH,0.0,0.0,0.0,1.0
FRT,0.0,0.0,0.0,1.0
PNW,0.0,0.0,0.0,1.0
FHN,0.0,0.0,0.0,1.0
X,0.0,0.0,0.0,1.0
LNW,0.0,0.0,0.0,1.0
PSN,0.0,0.0,0.0,1.0
MTCH,0.0,0.0,0.0,1.0
SF,0.0,0.0,0.0,1.0
ORI,0.0,0.0,0.0,1.0
RGLD,0.0,0.0,0.0,1.0
MTDR,0.0,0.0,0.0,1.0
EDR,0.0,0.0,0.0,1.0
GNTX,0.0,0.0,0.0,1.0
TX,0.0,0.0,0.0,1.0
ETSY,0.0,0.0,0.0,1.0
INFA,0.0,0.0,0.0,1.0
AYI,0.0,0.0,0.0,1.0
LEGN,0.0,0.0,0.0,1.0
VLYPO,0.0,0.0,0.0,1.0
TKO,0.0,0.0,0.0,1.0
AMKR,0.0,0.0,0.0,1.0
CZR,0.0,0.0,0.0,1.0
AAON,0.0,0.0,0.0,1.0
GLOB,0.0,0.0,0.0,1.0
WCC,0.0,0.0,0.0,1.0
FCN,0.0,0.0,0.0,1.0
LEA,0.0,0.0,0.0,1.0
FIVE,0.0,0.0,0.0,1.0
CROX,0.0,0.0,0.0,1.0
CERE,0.0,0.0,0.0,1.0
OLED,0.0,0.0,0.0,1.0
CAVA,0.0,0.0,0.0,1.0
PEN,0.0,0.0,0.0,1.0
IOT,0.0,0.0,0.0,1.0
MKTX,0.0,0.0,0.0,1.0
BWA,0.0,0.0,0.0,1.0
EGP,0.0,0.0,0.0,1.0
PARA,0.0,0.0,0.0,1.0
CHRD,0.0,0.0,0.0,1.0
OSK,0.0,0.0,0.0,1.0
ROKU,0.0,0.0,0.0,1.0
Z,0.0,0.0,0.0,1.0
INGR,0.0,0.0,0.0,1.0
MIDD,0.0,0.0,0.0,1.0
SUN,0.0,0.0,0.0,1.0
SSD,0.0,0.0,0.0,1.0
OHI,0.0,0.0,0.0,1.0
GPS,0.0,0.0,0.0,1.0
NNN,0.0,0.0,0.0,1.0
WBS,0.0,0.0,0.0,1.0
NOV,0.0,0.0,0.0,1.0
FMC,0.0,0.0,0.0,1.0
MHK,0.0,0.0,0.0,1.0
FTAI,0.0,0.0,0.0,1.0
ITCI,0.0,0.0,0.0,1.0
WSC,0.0,0.0,0.0,1.0
CIVI,0.0,0.0,0.0,1.0
KNX,0.0,0.0,0.0,1.0
MTN,0.0,0.0,0.0,1.0
FOXA,0.0,0.0,0.0,1.0
RBC,0.0,0.0,0.0,1.0
MSA,0.0,0.0,0.0,1.0
MASI,0.0,0.0,0.0,1.0
MTSI,0.0,0.0,0.0,1.0
GTLB,0.0,0.0,0.0,1.0
CCCS,0.0,0.0,0.0,1.0
UFPI,0.0,0.0,0.0,1.0
BRBR,0.0,0.0,0.0,1.0
PRI,0.0,0.0,0.0,1.0
CBSH,0.0,0.0,0.0,1.0
CFLT,0.0,0.0,0.0,1.0
NYT,0.0,0.0,0.0,1.0
VLYPP,0.0,0.0,0.0,1.0
CGNX,0.0,0.0,0.0,1.0
SOFI,0.0,0.0,0.0,1.0
LAD,0.0,0.0,0.0,1.0
MTZ,0.0,0.0,0.0,1.0
MUR,0.0,0.0,0.0,1.0
EXEL,0.0,0.0,0.0,1.0
FLR,0.0,0.0,0.0,1.0
SITE,0.0,0.0,0.0,1.0
GL,0.0,0.0,0.0,1.0
RHI,0.0,0.0,0.0,1.0
CFR,0.0,0.0,0.0,1.0
HQY,0.0,0.0,0.0,1.0
AIT,0.0,0.0,0.0,1.0
CVNA,0.0,0.0,0.0,1.0
COKE,0.0,0.0,0.0,1.0
AGNC,0.0,0.0,0.0,1.0
OGE,0.0,0.0,0.0,1.0
JAZZ,0.0,0.0,0.0,1.0
DAR,0.0,0.0,0.0,1.0
H,0.0,0.0,0.0,1.0
INSP,0.0,0.0,0.0,1.0
EVR,0.0,0.0,0.0,1.0
IBP,0.0,0.0,0.0,1.0
AXTA,0.0,0.0,0.0,1.0
ARW,0.0,0.0,0.0,1.0
SPSC,0.0,0.0,0.0,1.0
AA,0.0,0.0,0.0,1.0
ENSG,0.0,0.0,0.0,1.0
ATKR,0.0,0.0,0.0,1.0
AM,0.0,0.0,0.0,1.0
PBF,0.0,0.0,0.0,1.0
VOYA,0.0,0.0,0.0,1.0
FOX,0.0,0.0,0.0,1.0
AZEK,0.0,0.0,0.0,1.0
ACHC,0.0,0.0,0.0,1.0
HLI,0.0,0.0,0.0,1.0
SFM,0.0,0.0,0.0,1.0
ELAN,0.0,0.0,0.0,1.0
BILL,0.0,0.0,0.0,1.0
SUM,0.0,0.0,0.0,1.0
SAIC,0.0,0.0,0.0,1.0
CIEN,0.0,0.0,0.0,1.0
NE,0.0,0.0,0.0,1.0
CMA,0.0,0.0,0.0,1.0
ESAB,0.0,0.0,0.0,1.0
CHX,0.0,0.0,0.0,1.0
AN,0.0,0.0,0.0,1.0
PCVX,0.0,0.0,0.0,1.0
ALSN,0.0,0.0,0.0,1.0
HRB,0.0,0.0,0.0,1.0
RL,0.0,0.0,0.0,1.0
BERY,0.0,0.0,0.0,1.0
CYTK,0.0,0.0,0.0,1.0
POST,0.0,0.0,0.0,1.0
BRX,0.0,0.0,0.0,1.0
ENLC,0.0,0.0,0.0,1.0
MLI,0.0,0.0,0.0,1.0
ATI,0.0,0.0,0.0,1.0
CACC,0.0,0.0,0.0,1.0
WAL,0.0,0.0,0.0,1.0
IVZ,0.0,0.0,0.0,1.0
VNT,0.0,0.0,0.0,1.0
OLN,0.0,0.0,0.0,1.0
GTLS,0.0,0.0,0.0,1.0
RHP,0.0,0.0,0.0,1.0
ANF,0.0,0.0,0.0,1.0
RMBS,0.0,0.0,0.0,1.0
PVH,0.0,0.0,0.0,1.0
LSTR,0.0,0.0,0.0,1.0
KEX,0.0,0.0,0.0,1.0
LYFT,0.0,0.0,0.0,1.0
MAT,0.0,0.0,0.0,1.0
RLI,0.0,0.0,0.0,1.0
QLYS,0.0,0.0,0.0,1.0
COLD,0.0,0.0,0.0,1.0
XRAY,0.0,0.0,0.0,1.0
STWD,0.0,0.0,0.0,1.0
FLS,0.0,0.0,0.0,1.0
STAG,0.0,0.0,0.0,1.0
CMC,0.0,0.0,0.0,1.0
FR,0.0,0.0,0.0,1.0
BFAM,0.0,0.0,0.0,1.0
BECN,0.0,0.0,0.0,1.0
FN,0.0,0.0,0.0,1.0
YNDX,0.0,0.0,0.0,1.0
DTM,0.0,0.0,0.0,1.0
MTH,0.0,0.0,0.0,1.0
GXO,0.0,0.0,0.0,1.0
BPOP,0.0,0.0,0.0,1.0
IONS,0.0,0.0,0.0,1.0
TMHC,0.0,0.0,0.0,1.0
LBRDK,0.0,0.0,0.0,1.0
TKR,0.0,0.0,0.0,1.0
WTFC,0.0,0.0,0.0,1.0
SIGI,0.0,0.0,0.0,1.0
BIO,0.0,0.0,0.0,1.0
BPMC,0.0,0.0,0.0,1.0
PNFP,0.0,0.0,0.0,1.0
ZI,0.0,0.0,0.0,1.0
S,0.0,0.0,0.0,1.0
OMF,0.0,0.0,0.0,1.0
NSIT,0.0,0.0,0.0,1.0
ZION,0.0,0.0,0.0,1.0
ALGM,0.0,0.0,0.0,1.0
REYN,0.0,0.0,0.0,1.0
AL,0.0,0.0,0.0,1.0
WH,0.0,0.0,0.0,1.0
ETRN,0.0,0.0,0.0,1.0
RVMD,0.0,0.0,0.0,1.0
FYBR,0.0,0.0,0.0,1.0
APLS,0.0,0.0,0.0,1.0
SSB,0.0,0.0,0.0,1.0
NXT,0.0,0.0,0.0,1.0
SM,0.0,0.0,0.0,1.0
ESI,0.0,0.0,0.0,1.0
RYAN,0.0,0.0,0.0,1.0
BOKF,0.0,0.0,0.0,1.0
DBX,0.0,0.0,0.0,1.0
LFUS,0.0,0.0,0.0,1.0
PB,0.0,0.0,0.0,1.0
ADC,0.0,0.0,0.0,1.0
DRS,0.0,0.0,0.0,1.0
CHH,0.0,0.0,0.0,1.0
THO,0.0,0.0,0.0,1.0
SPXC,0.0,0.0,0.0,1.0
NXST,0.0,0.0,0.0,1.0
GMED,0.0,0.0,0.0,1.0
DDS,0.0,0.0,0.0,1.0
FAF,0.0,0.0,0.0,1.0
ESNT,0.0,0.0,0.0,1.0
IBRX,0.0,0.0,0.0,1.0
ADT,0.0,0.0,0.0,1.0
NOVT,0.0,0.0,0.0,1.0
ZWS,0.0,0.0,0.0,1.0
SON,0.0,0.0,0.0,1.0
LCID,0.0,0.0,0.0,1.0
ALK,0.0,0.0,0.0,1.0
BC,0.0,0.0,0.0,1.0
G,0.0,0.0,0.0,1.0
LSXMK,0.0,0.0,0.0,1.0
NFE,0.0,0.0,0.0,1.0
WTS,0.0,0.0,0.0,1.0
BCC,0.0,0.0,0.0,1.0
AIRC,0.0,0.0,0.0,1.0
TENB,0.0,0.0,0.0,1.0
R,0.0,0.0,0.0,1.0
MTG,0.0,0.0,0.0,1.0
RITM,0.0,0.0,0.0,1.0
VVV,0.0,0.0,0.0,1.0
BMI,0.0,0.0,0.0,1.0
UGI,0.0,0.0,0.0,1.0
APPF,0.0,0.0,0.0,1.0
FCFS,0.0,0.0,0.0,1.0
ONB,0.0,0.0,0.0,1.0
ST,0.0,0.0,0.0,1.0
RCM,0.0,0.0,0.0,1.0
HXL,0.0,0.0,0.0,1.0
OPCH,0.0,0.0,0.0,1.0
TNET,0.0,0.0,0.0,1.0
SMAR,0.0,0.0,0.0,1.0
AXS,0.0,0.0,0.0,1.0
JXN,0.0,0.0,0.0,1.0
W,0.0,0.0,0.0,1.0
PLNT,0.0,0.0,0.0,1.0
LPX,0.0,0.0,0.0,1.0
DV,0.0,0.0,0.0,1.0
CADE,0.0,0.0,0.0,1.0
SWX,0.0,0.0,0.0,1.0
M,0.0,0.0,0.0,1.0
SNV,0.0,0.0,0.0,1.0
HR,0.0,0.0,0.0,1.0
TRNO,0.0,0.0,0.0,1.0
CBT,0.0,0.0,0.0,1.0
LANC,0.0,0.0,0.0,1.0
MSM,0.0,0.0,0.0,1.0
CWST,0.0,0.0,0.0,1.0
FLO,0.0,0.0,0.0,1.0
PEGA,0.0,0.0,0.0,1.0
OZK,0.0,0.0,0.0,1.0
BYD,0.0,0.0,0.0,1.0
FSS,0.0,0.0,0.0,1.0
TDW,0.0,0.0,0.0,1.0
NEU,0.0,0.0,0.0,1.0
VFC,0.0,0.0,0.0,1.0
AWI,0.0,0.0,0.0,1.0
MDU,0.0,0.0,0.0,1.0
ALIT,0.0,0.0,0.0,1.0
WHR,0.0,0.0,0.0,1.0
AMG,0.0,0.0,0.0,1.0
COOP,0.0,0.0,0.0,1.0
SLGN,0.0,0.0,0.0,1.0
FRPT,0.0,0.0,0.0,1.0
FG,0.0,0.0,0.0,1.0
HOMB,0.0,0.0,0.0,1.0
KBH,0.0,0.0,0.0,1.0
VAL,0.0,0.0,0.0,1.0
VRNS,0.0,0.0,0.0,1.0
LNC,0.0,0.0,0.0,1.0
AEO,0.0,0.0,0.0,1.0
FNB,0.0,0.0,0.0,1.0
GKOS,0.0,0.0,0.0,1.0
ASH,0.0,0.0,0.0,1.0
MOD,0.0,0.0,0.0,1.0
ALTM,0.0,0.0,0.0,1.0
RIG,0.0,0.0,0.0,1.0
MMS,0.0,0.0,0.0,1.0
NFG,0.0,0.0,0.0,1.0
VNO,0.0,0.0,0.0,1.0
IDA,0.0,0.0,0.0,1.0
HALO,0.0,0.0,0.0,1.0
NWS,0.0,0.0,0.0,1.0
MGY,0.0,0.0,0.0,1.0
CRUS,0.0,0.0,0.0,1.0
MARA,0.0,0.0,0.0,1.0
SLM,0.0,0.0,0.0,1.0
HAE,0.0,0.0,0.0,1.0
FELE,0.0,0.0,0.0,1.0
OGN,0.0,0.0,0.0,1.0
EEFT,0.0,0.0,0.0,1.0
WMG,0.0,0.0,0.0,1.0
KRG,0.0,0.0,0.0,1.0
ACT,0.0,0.0,0.0,1.0
CRSP,0.0,0.0,0.0,1.0
LNTH,0.0,0.0,0.0,1.0
EXLS,0.0,0.0,0.0,1.0
PII,0.0,0.0,0.0,1.0
DLB,0.0,0.0,0.0,1.0
HOG,0.0,0.0,0.0,1.0
SEE,0.0,0.0,0.0,1.0
EPRT,0.0,0.0,0.0,1.0
BBIO,0.0,0.0,0.0,1.0
THG,0.0,0.0,0.0,1.0
PI,0.0,0.0,0.0,1.0
ALTR,0.0,0.0,0.0,1.0
WU,0.0,0.0,0.0,1.0
RH,0.0,0.0,0.0,1.0
HLNE,0.0,0.0,0.0,1.0
COLM,0.0,0.0,0.0,1.0
GTES,0.0,0.0,0.0,1.0
KNF,0.0,0.0,0.0,1.0
STNE,0.0,0.0,0.0,1.0
POR,0.0,0.0,0.0,1.0
AVT,0.0,0.0,0.0,1.0
WTM,0.0,0.0,0.0,1.0
AMR,0.0,0.0,0.0,1.0
RYN,0.0,0.0,0.0,1.0
SKY,0.0,0.0,0.0,1.0
ASO,0.0,0.0,0.0,1.0
UBSI,0.0,0.0,0.0,1.0
HCP,0.0,0.0,0.0,1.0
AAP,0.0,0.0,0.0,1.0
RDN,0.0,0.0,0.0,1.0
GATX,0.0,0.0,0.0,1.0
PRGO,0.0,0.0,0.0,1.0
BCPC,0.0,0.0,0.0,1.0
NOG,0.0,0.0,0.0,1.0
KRYS,0.0,0.0,0.0,1.0
SIG,0.0,0.0,0.0,1.0
HGV,0.0,0.0,0.0,1.0
MMSI,0.0,0.0,0.0,1.0
ASGN,0.0,0.0,0.0,1.0
PTEN,0.0,0.0,0.0,1.0
WIRE,0.0,0.0,0.0,1.0
SRCL,0.0,0.0,0.0,1.0
FROG,0.0,0.0,0.0,1.0
AVAV,0.0,0.0,0.0,1.0
OLLI,0.0,0.0,0.0,1.0
CC,0.0,0.0,0.0,1.0
KD,0.0,0.0,0.0,1.0
ITRI,0.0,0.0,0.0,1.0
PFSI,0.0,0.0,0.0,1.0
ESGR,0.0,0.0,0.0,1.0
MDGL,0.0,0.0,0.0,1.0
HRI,0.0,0.0,0.0,1.0
FIVN,0.0,0.0,0.0,1.0
GBCI,0.0,0.0,0.0,1.0
AGO,0.0,0.0,0.0,1.0
CVLT,0.0,0.0,0.0,1.0
NJR,0.0,0.0,0.0,1.0
ALPN,0.0,0.0,0.0,1.0
ABG,0.0,0.0,0.0,1.0
FUL,0.0,0.0,0.0,1.0
DY,0.0,0.0,0.0,1.0
VMI,0.0,0.0,0.0,1.0
MAIN,0.0,0.0,0.0,1.0
SHAK,0.0,0.0,0.0,1.0
CRVL,0.0,0.0,0.0,1.0
BLKB,0.0,0.0,0.0,1.0
GPI,0.0,0.0,0.0,1.0
BEPC,0.0,0.0,0.0,1.0
ALKS,0.0,0.0,0.0,1.0
CRS,0.0,0.0,0.0,1.0
KRC,0.0,0.0,0.0,1.0
HUN,0.0,0.0,0.0,1.0
FRSH,0.0,0.0,0.0,1.0
FFIN,0.0,0.0,0.0,1.0
EXPO,0.0,0.0,0.0,1.0
WEN,0.0,0.0,0.0,1.0
VRRM,0.0,0.0,0.0,1.0
IPGP,0.0,0.0,0.0,1.0
BCO,0.0,0.0,0.0,1.0
BIPC,0.0,0.0,0.0,1.0
DNB,0.0,0.0,0.0,1.0
FIZZ,0.0,0.0,0.0,1.0
GOLF,0.0,0.0,0.0,1.0
NUVL,0.0,0.0,0.0,1.0
CLSK,0.0,0.0,0.0,1.0
WK,0.0,0.0,0.0,1.0
HWC,0.0,0.0,0.0,1.0
AVNT,0.0,0.0,0.0,1.0
TEX,0.0,0.0,0.0,1.0
LOPE,0.0,0.0,0.0,1.0
IMVT,0.0,0.0,0.0,1.0
PECO,0.0,0.0,0.0,1.0
FOUR,0.0,0.0,0.0,1.0
TPG,0.0,0.0,0.0,1.0
AB,0.0,0.0,0.0,1.0
HP,0.0,0.0,0.0,1.0
ALVO,0.0,0.0,0.0,1.0
COLB,0.0,0.0,0.0,1.0
CNXC,0.0,0.0,0.0,1.0
SYM,0.0,0.0,0.0,1.0
LBRT,0.0,0.0,0.0,1.0
IAC,0.0,0.0,0.0,1.0
NSP,0.0,0.0,0.0,1.0
BOX,0.0,0.0,0.0,1.0
ACA,0.0,0.0,0.0,1.0
POWI,0.0,0.0,0.0,1.0
IPAR,0.0,0.0,0.0,1.0
CRC,0.0,0.0,0.0,1.0
HCC,0.0,0.0,0.0,1.0
BKH,0.0,0.0,0.0,1.0
SLAB,0.0,0.0,0.0,1.0
ORA,0.0,0.0,0.0,1.0
ITGR,0.0,0.0,0.0,1.0
GMS,0.0,0.0,0.0,1.0
KMPR,0.0,0.0,0.0,1.0
AUR,0.0,0.0,0.0,1.0
IRDM,0.0,0.0,0.0,1.0
SMG,0.0,0.0,0.0,1.0
JOBY,0.0,0.0,0.0,1.0
CNX,0.0,0.0,0.0,1.0
SPR,0.0,0.0,0.0,1.0
CAR,0.0,0.0,0.0,1.0
HAFN,0.0,0.0,0.0,1.0
MATX,0.0,0.0,0.0,1.0
PAGP,0.0,0.0,0.0,1.0
DXC,0.0,0.0,0.0,1.0
CNS,0.0,0.0,0.0,1.0
UMBF,0.0,0.0,0.0,1.0
ENS,0.0,0.0,0.0,1.0
OTTR,0.0,0.0,0.0,1.0
APLE,0.0,0.0,0.0,1.0
BHVN,0.0,0.0,0.0,1.0
CSWI,0.0,0.0,0.0,1.0
MAN,0.0,0.0,0.0,1.0
URBN,0.0,0.0,0.0,1.0
CRNX,0.0,0.0,0.0,1.0
INSM,0.0,0.0,0.0,1.0
TDC,0.0,0.0,0.0,1.0
OGS,0.0,0.0,0.0,1.0
IRT,0.0,0.0,0.0,1.0
SEM,0.0,0.0,0.0,1.0
CUZ,0.0,0.0,0.0,1.0
KTB,0.0,0.0,0.0,1.0
SYNA,0.0,0.0,0.0,1.0
MSGS,0.0,0.0,0.0,1.0
VNOM,0.0,0.0,0.0,1.0
AEIS,0.0,0.0,0.0,1.0
CBZ,0.0,0.0,0.0,1.0
PBH,0.0,0.0,0.0,1.0
TPH,0.0,0.0,0.0,1.0
RARE,0.0,0.0,0.0,1.0
BL,0.0,0.0,0.0,1.0
CXT,0.0,0.0,0.0,1.0
SR,0.0,0.0,0.0,1.0
IBOC,0.0,0.0,0.0,1.0
NVST,0.0,0.0,0.0,1.0
CTRE,0.0,0.0,0.0,1.0
FORM,0.0,0.0,0.0,1.0
LAZ,0.0,0.0,0.0,1.0
SDRL,0.0,0.0,0.0,1.0
WOLF,0.0,0.0,0.0,1.0
ACIW,0.0,0.0,0.0,1.0
RDNT,0.0,0.0,0.0,1.0
MC,0.0,0.0,0.0,1.0
SLG,0.0,0.0,0.0,1.0
SMPL,0.0,0.0,0.0,1.0
PK,0.0,0.0,0.0,1.0
VAC,0.0,0.0,0.0,1.0
TIGO,0.0,0.0,0.0,1.0
VLY,0.0,0.0,0.0,1.0
RELY,0.0,0.0,0.0,1.0
GFF,0.0,0.0,0.0,1.0
PIPR,0.0,0.0,0.0,1.0
WHD,0.0,0.0,0.0,1.0
SWTX,0.0,0.0,0.0,1.0
SANM,0.0,0.0,0.0,1.0
TFSL,0.0,0.0,0.0,1.0
KWR,0.0,0.0,0.0,1.0
GT,0.0,0.0,0.0,1.0
GME,0.0,0.0,0.0,1.0
JOE,0.0,0.0,0.0,1.0
MHO,0.0,0.0,0.0,1.0
BDC,0.0,0.0,0.0,1.0
BOOT,0.0,0.0,0.0,1.0
KAI,0.0,0.0,0.0,1.0
HI,0.0,0.0,0.0,1.0
ALE,0.0,0.0,0.0,1.0
VCTR,0.0,0.0,0.0,1.0
ACLS,0.0,0.0,0.0,1.0
ENV,0.0,0.0,0.0,1.0
AXNX,0.0,0.0,0.0,1.0
HHH,0.0,0.0,0.0,1.0
AXSM,0.0,0.0,0.0,1.0
ABCB,0.0,0.0,0.0,1.0
FTRE,0.0,0.0,0.0,1.0
DIOD,0.0,0.0,0.0,1.0
TRIP,0.0,0.0,0.0,1.0
ALRM,0.0,0.0,0.0,1.0
OSCR,0.0,0.0,0.0,1.0
PNM,0.0,0.0,0.0,1.0
BSM,0.0,0.0,0.0,1.0
IRTC,0.0,0.0,0.0,1.0
MAC,0.0,0.0,0.0,1.0
RRR,0.0,0.0,0.0,1.0
NCNO,0.0,0.0,0.0,1.0
CCOI,0.0,0.0,0.0,1.0
SQSP,0.0,0.0,0.0,1.0
BRZE,0.0,0.0,0.0,1.0
NWL,0.0,0.0,0.0,1.0
STRL,0.0,0.0,0.0,1.0
ASB,0.0,0.0,0.0,1.0
PCH,0.0,0.0,0.0,1.0
HL,0.0,0.0,0.0,1.0
PRKS,0.0,0.0,0.0,1.0
JWN,0.0,0.0,0.0,1.0
SGRY,0.0,0.0,0.0,1.0
QTWO,0.0,0.0,0.0,1.0
SEB,0.0,0.0,0.0,1.0
TNL,0.0,0.0,0.0,1.0
SBRA,0.0,0.0,0.0,1.0
CVI,0.0,0.0,0.0,1.0
MCY,0.0,0.0,0.0,1.0
BGC,0.0,0.0,0.0,1.0
CVCO,0.0,0.0,0.0,1.0
SFBS,0.0,0.0,0.0,1.0
EVH,0.0,0.0,0.0,1.0
FULT,0.0,0.0,0.0,1.0
PYCR,0.0,0.0,0.0,1.0
JAGX,0.0,0.0,0.0,1.0
CRK,0.0,0.0,0.0,1.0
VC,0.0,0.0,0.0,1.0
LBTYK,0.0,0.0,0.0,1.0
WD,0.0,0.0,0.0,1.0
YETI,0.0,0.0,0.0,1.0
NPO,0.0,0.0,0.0,1.0
EPR,0.0,0.0,0.0,1.0
SKT,0.0,0.0,0.0,1.0
MPW,0.0,0.0,0.0,1.0
KFY,0.0,0.0,0.0,1.0
PGNY,0.0,0.0,0.0,1.0
SXT,0.0,0.0,0.0,1.0
SHC,0.0,0.0,0.0,1.0
UCBI,0.0,0.0,0.0,1.0
AROC,0.0,0.0,0.0,1.0
BXMT,0.0,0.0,0.0,1.0
NWE,0.0,0.0,0.0,1.0
RIOT,0.0,0.0,0.0,1.0
DOCN,0.0,0.0,0.0,1.0
MODG,0.0,0.0,0.0,1.0
ENOV,0.0,0.0,0.0,1.0
PRMW,0.0,0.0,0.0,1.0
HAYW,0.0,0.0,0.0,1.0
IOVA,0.0,0.0,0.0,1.0
ARCB,0.0,0.0,0.0,1.0
TMDX,0.0,0.0,0.0,1.0
IOSP,0.0,0.0,0.0,1.0
HTGC,0.0,0.0,0.0,1.0
CRDO,0.0,0.0,0.0,1.0
DOCS,0.0,0.0,0.0,1.0
AMED,0.0,0.0,0.0,1.0
NYMTN,0.0,0.0,0.0,1.0
TXG,0.0,0.0,0.0,1.0
WDFC,0.0,0.0,0.0,1.0
CIM,0.0,0.0,0.0,1.0
FOLD,0.0,0.0,0.0,1.0
DBRG,0.0,0.0,0.0,1.0
ARCH,0.0,0.0,0.0,1.0
AX,0.0,0.0,0.0,1.0
GPOR,0.0,0.0,0.0,1.0
BHF,0.0,0.0,0.0,1.0
PWSC,0.0,0.0,0.0,1.0
BANF,0.0,0.0,0.0,1.0
SKYW,0.0,0.0,0.0,1.0
BTU,0.0,0.0,0.0,1.0
LRN,0.0,0.0,0.0,1.0
ARWR,0.0,0.0,0.0,1.0
CNO,0.0,0.0,0.0,1.0
IDYA,0.0,0.0,0.0,1.0
SHOO,0.0,0.0,0.0,1.0
WOR,0.0,0.0,0.0,1.0
SITC,0.0,0.0,0.0,1.0
LITE,0.0,0.0,0.0,1.0
MGEE,0.0,0.0,0.0,1.0
FBP,0.0,0.0,0.0,1.0
GBTG,0.0,0.0,0.0,1.0
UEC,0.0,0.0,0.0,1.0
HASI,0.0,0.0,0.0,1.0
IBTA,0.0,0.0,0.0,1.0
AUB,0.0,0.0,0.0,1.0
STRA,0.0,0.0,0.0,1.0
AZTA,0.0,0.0,0.0,1.0
CGON,0.0,0.0,0.0,1.0
VSH,0.0,0.0,0.0,1.0
KTOS,0.0,0.0,0.0,1.0
RUSHA,0.0,0.0,0.0,1.0
CERT,0.0,0.0,0.0,1.0
APAM,0.0,0.0,0.0,1.0
RPD,0.0,0.0,0.0,1.0
INST,0.0,0.0,0.0,1.0
REZI,0.0,0.0,0.0,1.0
PLXS,0.0,0.0,0.0,1.0
USAC,0.0,0.0,0.0,1.0
ABM,0.0,0.0,0.0,1.0
SVV,0.0,0.0,0.0,1.0
HIW,0.0,0.0,0.0,1.0
MYRG,0.0,0.0,0.0,1.0
CWT,0.0,0.0,0.0,1.0
IESC,0.0,0.0,0.0,1.0
ACAD,0.0,0.0,0.0,1.0
BNL,0.0,0.0,0.0,1.0
LBTYA,0.0,0.0,0.0,1.0
AVA,0.0,0.0,0.0,1.0
MP,0.0,0.0,0.0,1.0
SAM,0.0,0.0,0.0,1.0
IIPR,0.0,0.0,0.0,1.0
PTVE,0.0,0.0,0.0,1.0
ARLP,0.0,0.0,0.0,1.0
JBT,0.0,0.0,0.0,1.0
TROX,0.0,0.0,0.0,1.0
HESM,0.0,0.0,0.0,1.0
FIBK,0.0,0.0,0.0,1.0
AIN,0.0,0.0,0.0,1.0
NHI,0.0,0.0,0.0,1.0
TCBI,0.0,0.0,0.0,1.0
LCII,0.0,0.0,0.0,1.0
NEOG,0.0,0.0,0.0,1.0
INSW,0.0,0.0,0.0,1.0
ADNT,0.0,0.0,0.0,1.0
ESE,0.0,0.0,0.0,1.0
LTH,0.0,0.0,0.0,1.0
BE,0.0,0.0,0.0,1.0
BHFAP,0.0,0.0,0.0,1.0
MLTX,0.0,0.0,0.0,1.0
YELP,0.0,0.0,0.0,1.0
ICFI,0.0,0.0,0.0,1.0
NEP,0.0,0.0,0.0,1.0
DORM,0.0,0.0,0.0,1.0
CDP,0.0,0.0,0.0,1.0
FHB,0.0,0.0,0.0,1.0
GOGL,0.0,0.0,0.0,1.0
MGRC,0.0,0.0,0.0,1.0
JJSF,0.0,0.0,0.0,1.0
KOS,0.0,0.0,0.0,1.0
KSS,0.0,0.0,0.0,1.0
MQ,0.0,0.0,0.0,1.0
AI,0.0,0.0,0.0,1.0
PRCT,0.0,0.0,0.0,1.0
GLNG,0.0,0.0,0.0,1.0
MTRN,0.0,0.0,0.0,1.0
CAAP,0.0,0.0,0.0,1.0
BRC,0.0,0.0,0.0,1.0
GNW,0.0,0.0,0.0,1.0
MRUS,0.0,0.0,0.0,1.0
AWR,0.0,0.0,0.0,1.0
PENN,0.0,0.0,0.0,1.0
SLVM,0.0,0.0,0.0,1.0
JANX,0.0,0.0,0.0,1.0
SG,0.0,0.0,0.0,1.0
OUT,0.0,0.0,0.0,1.0
FHI,0.0,0.0,0.0,1.0
SPT,0.0,0.0,0.0,1.0
QS,0.0,0.0,0.0,1.0
QDEL,0.0,0.0,0.0,1.0
PRIM,0.0,0.0,0.0,1.0
TALO,0.0,0.0,0.0,1.0
WSFS,0.0,0.0,0.0,1.0
ACVA,0.0,0.0,0.0,1.0
GO,0.0,0.0,0.0,1.0
ATMU,0.0,0.0,0.0,1.0
ACLX,0.0,0.0,0.0,1.0
KLIC,0.0,0.0,0.0,1.0
AMK,0.0,0.0,0.0,1.0
IDCC,0.0,0.0,0.0,1.0
TNDM,0.0,0.0,0.0,1.0
HIMS,0.0,0.0,0.0,1.0
GSAT,0.0,0.0,0.0,1.0
CRI,0.0,0.0,0.0,1.0
PSMT,0.0,0.0,0.0,1.0
LEG,0.0,0.0,0.0,1.0
CCS,0.0,0.0,0.0,1.0
MWA,0.0,0.0,0.0,1.0
GRBK,0.0,0.0,0.0,1.0
OII,0.0,0.0,0.0,1.0
LSXMA,0.0,0.0,0.0,1.0
BROS,0.0,0.0,0.0,1.0
RNG,0.0,0.0,0.0,1.0
NMIH,0.0,0.0,0.0,1.0
NSA,0.0,0.0,0.0,1.0
JAMF,0.0,0.0,0.0,1.0
STEP,0.0,0.0,0.0,1.0
ZETA,0.0,0.0,0.0,1.0
CALM,0.0,0.0,0.0,1.0
CEIX,0.0,0.0,0.0,1.0
CATY,0.0,0.0,0.0,1.0
ALG,0.0,0.0,0.0,1.0
AESI,0.0,0.0,0.0,1.0
VSTS,0.0,0.0,0.0,1.0
GERN,0.0,0.0,0.0,1.0
AVDX,0.0,0.0,0.0,1.0
GHC,0.0,0.0,0.0,1.0
PATK,0.0,0.0,0.0,1.0
FLYW,0.0,0.0,0.0,1.0
HUBG,0.0,0.0,0.0,1.0
INDV,0.0,0.0,0.0,1.0
NNI,0.0,0.0,0.0,1.0
ICUI,0.0,0.0,0.0,1.0
LXP,0.0,0.0,0.0,1.0
FA,0.0,0.0,0.0,1.0
FTDR,0.0,0.0,0.0,1.0
EVTC,0.0,0.0,0.0,1.0
GVA,0.0,0.0,0.0,1.0
RYTM,0.0,0.0,0.0,1.0
SMTC,0.0,0.0,0.0,1.0
DCPH,0.0,0.0595,0.0,0.9405
UNF,0.0,0.0,0.0,1.0
ABR,0.0,0.0,0.0,1.0
MTX,0.0,0.0,0.0,1.0
LFST,0.0,0.0,0.0,1.0
FIHL,0.0,0.0,0.0,1.0
ADX,0.0,0.0,0.0,1.0
LLYVK,0.0,0.0,0.0,1.0
DNUT,0.0,0.0059,0.0,0.9941
OI,0.0,0.0,0.0,1.0
KNTK,0.0,0.0,0.0,1.0
MIR,0.0,0.0,0.0,1.0
RDDT,0.0,0.0483,0.0,0.9517
AIR,0.0,0.0,0.0,1.0
DRVN,0.0,0.0,0.0,1.0
ZD,0.0,0.0,0.0,1.0
AMBP,0.0,0.0,0.0,1.0
RUN,0.0,0.0,0.0,1.0
CPK,0.0,0.0,0.0,1.0
CLDX,0.0,0.0,0.0,1.0
ALKT,0.0,0.0,0.0,1.0
TGNA,0.0,0.0,0.0,1.0
CWAN,0.0,0.0,0.0,1.0
PTCT,0.0,0.0,0.0,1.0
ROAD,0.0,0.0,0.0,1.0
SPB,0.0,0.0,0.0,1.0
BLMN,0.0,0.0,0.0,1.0
INTA,0.0,0.0,0.0,1.0
RNA,0.0,0.0,0.0,1.0
CORT,0.0,0.0,0.0,1.0
LAUR,0.0,0.0,0.0,1.0
KGS,0.0,0.0,0.0,1.0
EBC,0.0,0.0,0.0,1.0
OSIS,0.0,0.0,0.0,1.0
PDCO,0.0,0.0,0.0,1.0
RXO,0.0,0.0,0.0,1.0
LZ,0.0,0.0,0.0,1.0
SATS,0.0,0.0,0.0,1.0
BOH,0.0,0.0,0.0,1.0
AMN,0.0,0.0,0.0,1.0
SNEX,0.0,0.0,0.0,1.0
DEI,0.0,0.0,0.0,1.0
XPRO,0.0,0.0,0.0,1.0
NABL,0.0,0.0,0.0,1.0
CMPR,0.0,0.0,0.0,1.0
FLNC,0.0,0.0,0.0,1.0
CBU,0.0,0.0,0.0,1.0
PJT,0.0,0.0,0.0,1.0
CVBF,0.0,0.0,0.0,1.0
VERA,0.0,0.0,0.0,1.0
LGIH,0.0,0.0,0.0,1.0
STAA,0.0,0.0,0.0,1.0
HEES,0.0,0.0,0.0,1.0
NYCB,0.0,0.0,0.0,1.0
ZG,0.0,0.0,0.0,1.0
IART,0.0,0.0,0.0,1.0
VCEL,0.0,0.0,0.0,1.0
GH,0.0,0.0,0.0,1.0
CABO,0.0,0.0,0.0,1.0
TDOC,0.0,0.0,0.0,1.0
PRVA,0.0,0.0,0.0,1.0
EAT,0.0,0.0,0.0,1.0
TRN,0.0,0.0,0.0,1.0
MBC,0.0,0.0,0.0,1.0
NARI,0.0,0.0,0.0,1.0
INDB,0.0,0.0,0.0,1.0
GTX,0.0,0.0,0.0,1.0
ROG,0.0,0.0,0.0,1.0
DNLI,0.0,0.0,0.0,1.0
TNC,0.0,0.0,0.0,1.0
FCPT,0.0,0.0,0.0,1.0
AGYS,0.0,0.0,0.0,1.0
ROCK,0.0,0.0,0.0,1.0
LEVI,0.0,0.0,0.0,1.0
SFNC,0.0,0.0,0.0,1.0
SITM,0.0,0.0,0.0,1.0
PLAY,0.0,0.0,0.0,1.0
DYN,0.0,0.0,0.0,1.0
MCW,0.0,0.0,0.0,1.0
WERN,0.0,0.0,0.0,1.0
PRGS,0.0,0.0,0.0,1.0
WAFD,0.0,0.0,0.0,1.0
PINC,0.0,0.0,0.0,1.0
JBI,0.0,0.0,0.0,1.0
AZZ,0.0,0.0,0.0,1.0
ASAN,0.0,0.0,0.0,1.0
ARVN,0.0,0.0,0.0,1.0
BANC,0.0,0.0,0.0,1.0
KYMR,0.0,0.0,0.0,1.0
CNK,0.0,0.0,0.0,1.0
PRK,0.0,0.0,0.0,1.0
RAMP,0.0,0.0,0.0,1.0
CHWY,0.0,0.0,0.0,1.0
FFBC,0.0,0.0,0.0,1.0
SXI,0.0,0.0,0.0,1.0
KROS,0.0,0.0,0.0,1.0
SHO,0.0,0.0,0.0,1.0
PLUS,0.0,0.0,0.0,1.0
SRAD,0.0,0.0,0.0,1.0
SONO,0.0,0.0,0.0,1.0
HELE,0.0,0.0,0.0,1.0
CDE,0.0,0.0164,0.0,0.9836
CNMD,0.0,0.0,0.0,1.0
VSTO,0.0,0.0,0.0,1.0
BKU,0.0,0.0,0.0,1.0
VTLE,0.0,0.0,0.0,1.0
RXST,0.0,0.0,0.0,1.0
ENR,0.0,0.0,0.0,1.0
SPNT,0.0,0.0,0.0,1.0
TGTX,0.0,0.0,0.0,1.0
HNI,0.0,0.0,0.0,1.0
VECO,0.0,0.0,0.0,1.0
KLG,0.0,0.0,0.0,1.0
PPBI,0.0,0.0,0.0,1.0
AMPH,0.0,0.0,0.0,1.0
NTLA,0.0,0.0,0.0,1.0
FRME,0.0,0.0,0.0,1.0
ARRY,0.0,0.0542,0.0,0.9458
APGE,0.0,0.0001,0.0,0.9999
VSAT,0.0,0.0001,0.0,0.9999
SANA,0.0,0.0038,0.0,0.9962
OMI,0.0,0.0012,0.0,0.9988
HLMN,0.0,0.0,0.0,1.0
FL,0.0,0.0001,0.0,0.9999
EQC,0.0,0.0,0.0,1.0
EPAC,0.0,0.0,0.0,1.0
PLMR,0.0,0.0,0.0,1.0
SIX,0.0,0.0,0.0,1.0
UE,0.0,0.0,0.0,1.0
AGL,0.0,0.0088,0.0,0.9912
UPST,0.0,0.0002,0.0,0.9998
CARG,0.0,0.0,0.0,1.0
PD,0.0,0.0,0.0,1.0
FUN,0.0,0.0,0.0,1.0
PZZA,0.0,0.0,0.0,1.0
TOWN,0.0,0.0,0.0,1.0
SBCF,0.0,0.0,0.0,1.0
AGIO,0.0,0.0352,0.0,0.9648
GEO,0.0,0.0,0.0,1.0
USM,0.0,0.0015,0.0,0.9985
HPK,0.0,0.0,0.0,1.0
SNDR,0.0,0.0,0.0,1.0
MLKN,0.0,0.1718,0.0,0.8282
JBLU,0.0,0.0099,0.0,0.9901
DRH,0.0,0.0001,0.0,0.9999
DFIN,0.0,0.0081,0.0,0.9919
ANDE,0.0,0.0,0.0,1.0
VIRT,0.0,0.0,0.0,1.0
PFS,0.0,0.0023,0.0,0.9977
TWST,0.0,0.1153,0.0,0.8847
BATRK,0.0,0.0,0.0,1.0
THS,0.0,0.0,0.0,1.0
HTH,0.0,0.0,0.0,1.0
CWEN,0.0,0.0,0.0,1.0
SCL,0.0,0.0002,0.0,0.9998
DK,0.0,0.0024,0.0,0.9976
CENTA,0.0,0.0,0.0,1.0
AMBA,0.0,0.1069,0.0,0.8931
RCKT,0.0,0.0001,0.0,0.9999
VERX,0.0,0.0073,0.0,0.9927
SWI,0.0,0.0015,0.0,0.9985
KAR,0.0,0.0,0.0,1.0
BFH,0.0,0.0622,0.0,0.9378
BKE,0.0,0.0,0.0,1.0
MTTR,0.0,0.7046,0.0,0.2954
STR,0.0,0.0,0.0,1.0
RKLB,0.0,0.0227,0.0,0.9773
KMT,0.0,0.0007,0.0,0.9993
ODP,0.0,0.0043,0.0,0.9957
VRNT,0.0,0.0048,0.0,0.9952
UCTT,0.0,0.0037,0.0,0.9963
COUR,0.0,0.0433,0.0,0.9567
RXRX,0.0,0.086,0.0,0.914
AMRX,0.0,0.2429,0.0,0.7571
PARR,0.0,0.0437,0.0,0.9563
PHIN,0.0,0.0632,0.0,0.9368
HTLF,0.0,0.7025,0.0,0.2975
TRMK,0.0,0.0973,0.0,0.9027
NEO,0.0,0.001,0.0,0.999
DKL,0.0,0.0731,0.0,0.9269
ATGE,0.0,0.0016,0.0,0.9984
AKR,0.0,0.2048,0.0,0.7952
BTSG,0.0,0.0215,0.0,0.9785
DHT,0.0,0.1997,0.0,0.8003
WGO,0.0,0.0683,0.0,0.9317
NGVT,0.0,0.0909,0.0,0.9091
CALX,0.0,0.15,0.0,0.85
EPC,0.0,0.0026,0.0,0.9974
PAYO,0.0,0.0218,0.0,0.9782
CXM,0.0,0.0697,0.0,0.9303
VYX,0.0,0.566,0.0,0.434
POWL,0.0,0.4556,0.0,0.5444
IONQ,0.0,0.1136,0.0,0.8864
FSLY,0.0,0.6733,0.0,0.3267
DAN,0.0,0.2036,0.0,0.7964
BEAM,0.0,0.5449,0.0,0.4551
PLAB,0.0,0.3097,0.0,0.6903
VIAV,0.0,0.675,0.0,0.325
CPRX,0.0,0.4811,0.0,0.5189
PLUG,0.0,0.7035,0.0,0.2965
INBX,0.0,0.5902,0.0,0.4098
OXM,0.0,0.9758,0.0,0.0242
NAMS,0.0,0.0048,0.0,0.9952
WLY,0.0,0.8436,0.0,0.1564
SFL,0.0,0.176,0.0,0.824
MGPI,0.0,0.5024,0.0,0.4976
SNDX,0.0,0.3959,0.0,0.6041
USLM,0.0,0.8545,0.0,0.1455
PEB,0.0,0.3441,0.0,0.6559
ATEC,0.0,0.8103,0.0,0.1897
IVT,0.0,0.9944,0.0,0.0056
MYGN,0.0,0.5528,0.0,0.4472
CODI,0.0,0.9999,0.0,0.0001
B,0.0,0.4938,0.0,0.5062
GCMG,0.0,0.8488,0.0,0.1512
AVDL,0.0,0.8925,0.0,0.1075
MXL,0.0,0.6727,0.0,0.3273
CAKE,0.0,0.8311,0.0,0.1689
UPBD,0.0,0.9735,0.0,0.0265
UFPT,0.0,0.9657,0.0,0.0343
NAVI,0.0,0.9803,0.0,0.0197
JELD,0.0,0.3709,0.0,0.6291
AGM,0.0,0.7624,0.0,0.2376
CLBK,0.0,0.8436,0.0,0.1564
MBIN,0.0,0.9938,0.0,0.0062
RLJ,0.0,0.9928,0.0,0.0072
LPG,0.0,0.9951,0.0,0.0049
FBK,0.0,0.9227,0.0,0.0773
SLNO,0.0,0.9083,0.0,0.0917
WMK,0.0,1.0,0.0,0.0
ASTH,0.0,0.9867,0.0,0.0133
NEXT,0.0,0.9406,0.0,0.0594
ENVA,0.0,1.0,0.0,0.0
BRP,0.0,0.9407,0.0,0.0593
TDS,0.0,0.9989,0.0,0.0011
TNK,0.0,0.9995,0.0,0.0005
SUPN,0.0,0.9973,0.0,0.0027
OFG,0.0,0.996,0.0,0.004
SJW,0.0,0.9986,0.0,0.0014
NBTB,0.0,1.0,0.0,0.0
STC,0.0,0.9065,0.0,0.0935
VEON,0.0,0.9443,0.0,0.0557
CXW,0.0,1.0,0.0,0.0
DNA,0.0,0.8706,0.0,0.1294
HLX,0.0,0.9929,0.0,0.0071
CENX,0.0,0.9823,0.0,0.0177
NWLI,0.0,1.0,0.0,0.0
WS,0.0,0.9998,0.0,0.0002
HURN,0.0,1.0,0.0,0.0
XRX,0.0,0.9747,0.0,0.0253
CNXN,0.0,1.0,0.0,0.0
RNST,0.0,0.9999,0.0,0.0001
MRCY,0.0,0.9396,0.0,0.0604
FOXF,0.0,0.9985,0.0,0.0015
GPCR,0.0,0.3406,0.0,0.6594
THRM,0.0,1.0,0.0,0.0
PRO,0.0,1.0,0.0,0.0
MSGE,0.0,1.0,0.0,0.0
VGR,0.0,1.0,0.0,0.0
NSSC,0.0,1.0,0.0,0.0
HRMY,0.0,0.9994,0.0,0.0006
YOU,0.0,0.9996,0.0,0.0004
HWKN,0.0,1.0,0.0,0.0
GLP,0.0,1.0,0.0,0.0
WSBC,0.0,1.0,0.0,0.0
SEMR,0.0,1.0,0.0,0.0
KVYO,0.0,1.0,0.0,0.0
GEF,0.0,1.0,0.0,0.0
EWTX,0.0,0.9992,0.0,0.0008
ADUS,0.0,1.0,0.0,0.0
PRFT,0.0,1.0,0.0,0.0
KALU,0.0,1.0,0.0,0.0
GNL,0.0,1.0,0.0,0.0
TFIN,0.0,0.9999,0.0,0.0001
ACMR,0.0,1.0,0.0,0.0
EXPI,0.0,1.0,0.0,0.0
DSGR,0.0,1.0,0.0,0.0
FOR,0.0,1.0,0.0,0.0
RKT,0.0,0.8779,0.0,0.1221
VCYT,0.0,1.0,0.0,0.0
IAS,0.0,1.0,0.0,0.0
GBX,0.0,1.0,0.0,0.0
HBI,0.0,0.9997,0.0,0.0003
RZB,0.0,1.0,0.0,0.0
ESRT,0.0,1.0,0.0,0.0
UDMY,0.0,1.0,0.0,0.0
UPWK,0.0,1.0,0.0,0.0
ARDX,0.0,1.0,0.0,0.0
DNOW,0.0,1.0,0.0,0.0
IBTX,0.0,1.0,0.0,0.0
ROIC,0.0,1.0,0.0,0.0
NATL,0.0,1.0,0.0,0.0
VVX,0.0,1.0,0.0,0.0
FWRG,0.0,1.0,0.0,0.0
HLIO,0.0,1.0,0.0,0.0
TBBK,0.0,0.9999,0.0,0.0001
BANR,0.0,1.0,0.0,0.0
USPH,0.0,1.0,0.0,0.0
SDGR,0.0,1.0,0.0,0.0
LKFN,0.0,1.0,0.0,0.0
ADMA,0.0,1.0,0.0,0.0
TTMI,0.0,1.0,0.0,0.0
NVEE,0.0,1.0,0.0,0.0
APPN,0.0,1.0,0.0,0.0
AMWD,0.0,1.0,0.0,0.0
SHLS,0.0,1.0,0.0,0.0
CHCO,0.0,1.0,0.0,0.0
LMAT,0.0,1.0,0.0,0.0
VRTS,0.0,1.0,0.0,0.0
NTB,0.0,1.0,0.0,0.0
HMN,0.0,1.0,0.0,0.0
BBUC,0.0,1.0,0.0,0.0
FWONA,0.0,1.0,0.0,0.0
SSTK,0.0,1.0,0.0,0.0
GEL,0.0,1.0,0.0,0.0
RES,0.0,1.0,0.0,0.0
KURA,0.0,1.0,0.0,0.0
GETY,0.0,0.9999,0.0,0.0001
OPEN,0.0,1.0,0.0,0.0
RC,0.0,1.0,0.0,0.0
ARI,0.0,1.0,0.0,0.0
PAR,0.0,1.0,0.0,0.0
XPEL,0.0,1.0,0.0,0.0
NMRK,0.0,1.0,0.0,0.0
PTGX,0.0,1.0,0.0,0.0
STER,0.0,1.0,0.0,0.0
GES,0.0,1.0,0.0,0.0
SYRE,0.0,1.0,0.0,0.0
COMP,0.0,1.0,0.0,0.0
UTZ,0.0,1.0,0.0,0.0
NWN,0.0,1.0,0.0,0.0
CUBI,0.0,1.0,0.0,0.0
PRG,0.0,1.0,0.0,0.0
BORR,0.0,1.0,0.0,0.0
COHU,0.0,1.0,0.0,0.0
DVAX,0.0,1.0,0.0,0.0
GSHD,0.0,1.0,0.0,0.0
KN,0.0,1.0,0.0,0.0
CGEM,0.0,0.9472,0.0,0.0528
CTS,0.0,1.0,0.0,0.0
AVPT,0.0,1.0,0.0,0.0
EXTR,0.0,1.0,0.0,0.0
LOB,0.0,1.0,0.0,0.0
LZB,0.0,1.0,0.0,0.0
EVBG,0.0,1.0,0.0,0.0
GPRE,0.0,1.0,0.0,0.0
GIC,0.0,1.0,0.0,0.0
WKC,0.0,1.0,0.0,0.0
GTY,0.0,1.0,0.0,0.0
HTZ,0.0,1.0,0.0,0.0
FLNG,0.0,1.0,0.0,0.0
APOG,0.0,1.0,0.0,0.0
OEC,0.0,1.0,0.0,0.0
EFSC,0.0,1.0,0.0,0.0
XHR,0.0,1.0,0.0,0.0
ADV,0.0,1.0,0.0,0.0
VSEC,0.0,1.0,0.0,0.0
ZUO,0.0,1.0,0.0,0.0
NHC,0.0,1.0,0.0,0.0
LTC,0.0,1.0,0.0,0.0
SAFE,0.0,1.0,0.0,0.0
EYE,0.0,1.0,0.0,0.0
SAH,0.0,1.0,0.0,0.0
RCUS,0.0,1.0,0.0,0.0
CSGS,0.0,1.0,0.0,0.0
ANIP,0.0,1.0,0.0,0.0
DAWN,0.0,0.9997,0.0,0.0003
MRTN,0.0,1.0,0.0,0.0
UA,0.0,1.0,0.0,0.0
CDRE,0.0,1.0,0.0,0.0
MORF,0.0,1.0,0.0,0.0
BBU,0.0,1.0,0.0,0.0
LADR,0.0,1.0,0.0,0.0
COCO,0.0,1.0,0.0,0.0
ULS,0.0,1.0,0.0,0.0
SKWD,0.0,1.0,0.0,0.0
VSCO,0.0,1.0,0.0,0.0
AHCO,0.0,1.0,0.0,0.0
NTCT,0.0,1.0,0.0,0.0
NMRA,0.0,0.9999,0.0,0.0001
WT,0.0,1.0,0.0,0.0
JBGS,0.0,1.0,0.0,0.0
MLNK,0.0,1.0,0.0,0.0
VRE,0.0,1.0,0.0,0.0
SOUN,0.0,1.0,0.0,0.0
GYRE,0.0,1.0,0.0,0.0
ULCC,0.0,1.0,0.0,0.0
BKD,0.0,1.0,0.0,0.0
ETWO,0.0,1.0,0.0,0.0
DMLP,0.0,1.0,0.0,0.0
WTFCM,0.0,1.0,0.0,0.0
FCF,0.0,1.0,0.0,0.0
CAL,0.0,1.0,0.0,0.0
DO,0.0,1.0,0.0,0.0
ICHR,0.0,1.0,0.0,0.0
NWBI,0.0,1.0,0.0,0.0
VZIO,0.0,1.0,0.0,0.0
MEG,0.0,1.0,0.0,0.0
BMBL,0.0,1.0,0.0,0.0
FBNC,0.0,1.0,0.0,0.0
UNIT,0.0,1.0,0.0,0.0
UAA,0.0,1.0,0.0,0.0
AAT,0.0,1.0,0.0,0.0
GIII,0.0,1.0,0.0,0.0
IE,0.0,1.0,0.0,0.0
CASH,0.0,1.0,0.0,0.0
CBRL,0.0,1.0,0.0,0.0
CHEF,0.0,1.0,0.0,0.0
ACDC,0.0,1.0,0.0,0.0
CMTG,0.0,1.0,0.0,0.0
MCRI,0.0,1.0,0.0,0.0
KRO,0.0,1.0,0.0,0.0
ELME,0.0,1.0,0.0,0.0
ASPN,0.0,1.0,0.0,0.0
CLMT,0.0,1.0,0.0,0.0
SLCA,0.0,1.0,0.0,0.0
BUSE,0.0,1.0,0.0,0.0
UVV,0.0,1.0,0.0,0.0
AKRO,0.0,1.0,0.0,0.0
SYBT,0.0,1.0,0.0,0.0
LNN,0.0,1.0,0.0,0.0
XNCR,0.0,1.0,0.0,0.0
ULH,0.0,1.0,0.0,0.0
WINA,0.0,1.0,0.0,0.0
PHVS,0.0,1.0,0.0,0.0
TWO,0.0,1.0,0.0,0.0
NTST,0.0,1.0,0.0,0.0
INFN,0.0,1.0,0.0,0.0
UHAL,0.0,1.0,0.0,0.0
NAPA,0.0,1.0,0.0,0.0
WRBY,0.0,1.0,0.0,0.0
SPH,0.0,1.0,0.0,0.0
OMCL,0.0,1.0,0.0,0.0
PMT,0.0,1.0,0.0,0.0
CIFR,0.0,1.0,0.0,0.0
TBLA,0.0,1.0,0.0,0.0
RILY,0.0,1.0,0.0,0.0
CTOS,0.0,1.0,0.0,0.0
MGNI,0.0,1.0,0.0,0.0
FDMT,0.0,1.0,0.0,0.0
LMND,0.0,1.0,0.0,0.0
WABC,0.0,1.0,0.0,0.0
MMI,0.0,1.0,0.0,0.0
BLTE,0.0,1.0,0.0,0.0
SRCE,0.0,1.0,0.0,0.0
TARS,0.0,1.0,0.0,0.0
DFH,0.0,1.0,0.0,0.0
PHR,0.0,1.0,0.0,0.0
SRRK,0.0,1.0,0.0,0.0
IRWD,0.0,1.0,0.0,0.0
KFRC,0.0,1.0,0.0,0.0
CRGY,0.0,1.0,0.0,0.0
NBHC,0.0,1.0,0.0,0.0
PLYA,0.0,1.0,0.0,0.0
TR,0.0,1.0,0.0,0.0
LGND,0.0,1.0,0.0,0.0
FDP,0.0,1.0,0.0,0.0
CNNE,0.0,1.0,0.0,0.0
DBD,0.0,1.0,0.0,0.0
LILAK,0.0,1.0,0.0,0.0
SSRM,0.0,1.0,0.0,0.0
CMCO,0.0,1.0,0.0,0.0
PRDO,0.0,1.0,0.0,0.0
ALEX,0.0,1.0,0.0,0.0
COLL,0.0,1.0,0.0,0.0
NN,0.0,1.0,0.0,0.0
DEA,0.0,1.0,0.0,0.0
PDFS,0.0,1.0,0.0,0.0
ECVT,0.0,1.0,0.0,0.0
STEL,0.0,1.0,0.0,0.0
KW,0.0,1.0,0.0,0.0
PCRX,0.0,1.0,0.0,0.0
ARLO,0.0,1.0,0.0,0.0
CSWC,0.0,1.0,0.0,0.0
GCT,0.0,1.0,0.0,0.0
MIRM,0.0,1.0,0.0,0.0
NRP,0.0,1.0,0.0,0.0
AIV,0.0,1.0,0.0,0.0
LUMN,0.0,1.0,0.0,0.0
CET,0.0,1.0,0.0,0.0
GOGO,0.0,1.0,0.0,0.0
SAFT,0.0,1.0,0.0,0.0
SBH,0.0,1.0,0.0,0.0
AILE,0.0,1.0,0.0,0.0
HOPE,0.0,1.0,0.0,0.0
KRP,0.0,1.0,0.0,0.0
ACHR,0.0,1.0,0.0,0.0
MODN,0.0,1.0,0.0,0.0
VITL,0.0,1.0,0.0,0.0
HCI,0.0,1.0,0.0,0.0
TCBK,0.0,1.0,0.0,0.0
REVG,0.0,1.0,0.0,0.0
STBA,0.0,1.0,0.0,0.0
SCS,0.0,1.0,0.0,0.0
ATRC,0.0,1.0,0.0,0.0
DOLE,0.0,1.0,0.0,0.0
SPHR,0.0,1.0,0.0,0.0
NX,0.0,1.0,0.0,0.0
SAVA,0.0,1.0,0.0,0.0
NIC,0.0,1.0,0.0,0.0
AGRO,0.0,1.0,0.0,0.0
CRSR,0.0,1.0,0.0,0.0
ADEA,0.0,1.0,0.0,0.0
BHE,0.0,1.0,0.0,0.0
BASE,0.0,1.0,0.0,0.0
VICR,0.0,1.0,0.0,0.0
WNC,0.0,1.0,0.0,0.0
DGII,0.0,1.0,0.0,0.0
CARS,0.0,1.0,0.0,0.0
VIR,0.0,1.0,0.0,0.0
HLIT,0.0,1.0,0.0,0.0
PTON,0.0,1.0,0.0,0.0
KOP,0.0,1.0,0.0,0.0
EEX,0.0,1.0,0.0,0.0
TGI,0.0,1.0,0.0,0.0
BLBD,0.0,1.0,0.0,0.0
PRTA,0.0,1.0,0.0,0.0
TH,0.0,1.0,0.0,0.0
JACK,0.0,1.0,0.0,0.0
SABR,0.0,1.0,0.0,0.0
MNKD,0.0,1.0,0.0,0.0
KRUS,0.0,1.0,0.0,0.0
VBTX,0.0,1.0,0.0,0.0
TRS,0.0,1.0,0.0,0.0
UMH,0.0,1.0,0.0,0.0
ENVX,0.0,1.0,0.0,0.0
THR,0.0,1.0,0.0,0.0
MRVI,0.0,1.0,0.0,0.0
HE,0.0,1.0,0.0,0.0
MFA,0.0,1.0,0.0,0.0
GAM,0.0,1.0,0.0,0.0
IMKTA,0.0,1.0,0.0,0.0
HIBB,0.0,1.0,0.0,0.0
BV,0.0,1.0,0.0,0.0
EIG,0.0,1.0,0.0,0.0
RYI,0.0,1.0,0.0,0.0
PGRE,0.0,1.0,0.0,0.0
BOWL,0.0,1.0,0.0,0.0
ARQT,0.0,1.0,0.0,0.0
ALX,0.0,1.0,0.0,0.0
SCSC,0.0,1.0,0.0,0.0
PRM,0.0,1.0,0.0,0.0
PEBO,0.0,1.0,0.0,0.0
INDI,0.0,1.0,0.0,0.0
FBRT,0.0,1.0,0.0,0.0
ALGT,0.0,1.0,0.0,0.0
SGH,0.0,1.0,0.0,0.0
ECPG,0.0,1.0,0.0,0.0
TRUP,0.0,1.0,0.0,0.0
MATV,0.0,1.0,0.0,0.0
SVC,0.0,1.0,0.0,0.0
CRAI,0.0,1.0,0.0,0.0
PFBC,0.0,1.0,0.0,0.0
ATEN,0.0,1.0,0.0,0.0
MRC,0.0,1.0,0.0,0.0
REX,0.0,1.0,0.0,0.0
EFC,0.0,1.0,0.0,0.0
CSR,0.0,1.0,0.0,0.0
PUBM,0.0,1.0,0.0,0.0
WTTR,0.0,1.0,0.0,0.0
BHLB,0.0,1.0,0.0,0.0
SCHL,0.0,1.0,0.0,0.0
BY,0.0,1.0,0.0,0.0
TRNS,0.0,1.0,0.0,0.0
AMRK,0.0,1.0,0.0,0.0
ALHC,0.0,1.0,0.0,0.0
INVA,0.0,1.0,0.0,0.0
NEXA,0.0,1.0,0.0,0.0
HRT,0.0,1.0,0.0,0.0
GDEN,0.0,1.0,0.0,0.0
PUMP,0.0,1.0,0.0,0.0
CWH,0.0,1.0,0.0,0.0
MGNX,0.0,1.0,0.0,0.0
ASTE,0.0,1.0,0.0,0.0
PRAA,0.0,1.0,0.0,0.0
GABC,0.0,1.0,0.0,0.0
GB,0.0,1.0,0.0,0.0
PLYM,0.0,1.0,0.0,0.0
MTUS,0.0,1.0,0.0,0.0
LLYVA,0.0,1.0,0.0,0.0
LQDA,0.0,1.0,0.0,0.0
PRAX,0.0,1.0,0.0,0.0
SASR,0.0,1.0,0.0,0.0
AHR,0.0,1.0,0.0,0.0
BYON,0.0,1.0,0.0,0.0
MDXG,0.0,1.0,0.0,0.0
SBR,0.0,1.0,0.0,0.0
HLF,0.0,1.0,0.0,0.0
QCRH,0.0,1.0,0.0,0.0
LAB,0.0,1.0,0.0,0.0
CATX,0.0,1.0,0.0,0.0
RPAY,0.0,1.0,0.0,0.0
SLP,0.0,1.0,0.0,0.0
QNST,0.0,1.0,0.0,0.0
OBK,0.0,1.0,0.0,0.0
UUUU,0.0,1.0,0.0,0.0
BXC,0.0,1.0,0.0,0.0
OPK,0.0,1.0,0.0,0.0
MAX,0.0,1.0,0.0,0.0
BZH,0.0,1.0,0.0,0.0
ACEL,0.0,1.0,0.0,0.0
BGS,0.0,1.0,0.0,0.0
OLPX,0.0,1.0,0.0,0.0
GNK,0.0,1.0,0.0,0.0
SCVL,0.0,1.0,0.0,0.0
SXC,0.0,1.0,0.0,0.0
TILE,0.0,1.0,0.0,0.0
ERII,0.0,1.0,0.0,0.0
CECO,0.0,1.0,0.0,0.0
DLX,0.0,1.0,0.0,0.0
JBSS,0.0,1.0,0.0,0.0
RBCAA,0.0,1.0,0.0,0.0
OCFC,0.0,1.0,0.0,0.0
LBRDA,0.0,1.0,0.0,0.0
CAPL,0.0,1.0,0.0,0.0
ALXO,0.0,1.0,0.0,0.0
ARR,0.0,1.0,0.0,0.0
VRDN,0.0,1.0,0.0,0.0
AMPL,0.0,1.0,0.0,0.0
ENFN,0.0,1.0,0.0,0.0
MSEX,0.0,1.0,0.0,0.0
AMC,0.0,1.0,0.0,0.0
WWW,0.0,1.0,0.0,0.0
BFS,0.0,1.0,0.0,0.0
UTI,0.0,1.0,0.0,0.0
NXRT,0.0,1.0,0.0,0.0
BSIG,0.0,1.0,0.0,0.0
AXL,0.0,1.0,0.0,0.0
LC,0.0,1.0,0.0,0.0
TYRA,0.0,1.0,0.0,0.0
FBIOP,0.0,1.0,0.0,0.0
RLAY,0.0,1.0,0.0,0.0
MATW,0.0,1.0,0.0,0.0
DESP,0.0,1.0,0.0,0.0
TPC,0.0,1.0,0.0,0.0
GRNT,0.0,1.0,0.0,0.0
PDM,0.0,1.0,0.0,0.0
UAN,0.0,1.0,0.0,0.0
IDT,0.0,1.0,0.0,0.0
EYPT,0.0,1.0,0.0,0.0
ATSG,0.0,1.0,0.0,0.0
SBOW,0.0,1.0,0.0,0.0
MNRO,0.0,1.0,0.0,0.0
AORT,0.0,1.0,0.0,0.0
NKLA,0.0,1.0,0.0,0.0
BRSP,0.0,1.0,0.0,0.0
FIGS,0.0,1.0,0.0,0.0
AVNS,0.0,1.0,0.0,0.0
NRIX,0.0,1.0,0.0,0.0
AMSF,0.0,1.0,0.0,0.0
BCRX,0.0,1.0,0.0,0.0
NAT,0.0,1.0,0.0,0.0
PARAA,0.0,1.0,0.0,0.0
DXPE,0.0,1.0,0.0,0.0
DH,0.0,1.0,0.0,0.0
SPRY,0.0,1.0,0.0,0.0
MYE,0.0,1.0,0.0,0.0
HY,0.0,1.0,0.0,0.0
CYRX,0.0,1.0,0.0,0.0
GRC,0.0,1.0,0.0,0.0
XMTR,0.0,1.0,0.0,0.0
PWP,0.0,1.0,0.0,0.0
ETNB,0.0,1.0,0.0,0.0
THRY,0.0,1.0,0.0,0.0
ELVN,0.0,1.0,0.0,0.0
EU,0.0,1.0,0.0,0.0
PRLB,0.0,1.0,0.0,0.0
TWI,0.0,1.0,0.0,0.0
SBSI,0.0,1.0,0.0,0.0
BLFS,0.0,1.0,0.0,0.0
HCSG,0.0,1.0,0.0,0.0
AVO,0.0,1.0,0.0,0.0
UTL,0.0,1.0,0.0,0.0
NRC,0.0,1.0,0.0,0.0
BBSI,0.0,1.0,0.0,0.0
USNA,0.0,1.0,0.0,0.0
TNGX,0.0,1.0,0.0,0.0
AGX,0.0,1.0,0.0,0.0
HPP,0.0,1.0,0.0,0.0
BHRB,0.0,1.0,0.0,0.0
ZNTL,0.0,1.0,0.0,0.0
ATRI,0.0,1.0,0.0,0.0
WRLD,0.0,1.0,0.0,0.0
BFC,0.0,1.0,0.0,0.0
HOV,0.0,1.0,0.0,0.0
TWKS,0.0,1.0,0.0,0.0
RVLV,0.0,1.0,0.0,0.0
CTKB,0.0,1.0,0.0,0.0
HSTM,0.0,1.0,0.0,0.0
SAGE,0.0,1.0,0.0,0.0
WEAV,0.0,1.0,0.0,0.0
CLB,0.0,1.0,0.0,0.0
TTGT,0.0,1.0,0.0,0.0
RUM,0.0,1.0,0.0,0.0
SNPO,0.0,1.0,0.0,0.0
RGR,0.0,1.0,0.0,0.0
ZIP,0.0,1.0,0.0,0.0
PRTC,0.0,1.0,0.0,0.0
AMRC,0.0,1.0,0.0,0.0
PCT,0.0,1.0,0.0,0.0
RBRK,0.0,1.0,0.0,0.0
PTLO,0.0,1.0,0.0,0.0
OCUL,0.0,1.0,0.0,0.0
NGL,0.0,1.0,0.0,0.0
WLKP,0.0,1.0,0.0,0.0
HAYN,0.0,1.0,0.0,0.0
BDN,0.0,1.0,0.0,0.0
PAX,0.0,1.0,0.0,0.0
SWBI,0.0,1.0,0.0,0.0
LESL,0.0,1.0,0.0,0.0
RGNX,0.0,1.0,0.0,0.0
STKL,0.0,1.0,0.0,0.0
TRIN,0.0,1.0,0.0,0.0
NVTS,0.0,1.0,0.0,0.0
DCO,0.0,1.0,0.0,0.0
HTLD,0.0,1.0,0.0,0.0
VTOL,0.0,1.0,0.0,0.0
AMTB,0.0,1.0,0.0,0.0
SEAT,0.0,1.0,0.0,0.0
GDYN,0.0,1.0,0.0,0.0
VVI,0.0,1.0,0.0,0.0
IMNM,0.0,1.0,0.0,0.0
KNSA,0.0,1.0,0.0,0.0
FNA,0.0,1.0,0.0,0.0
NPWR,0.0,1.0,0.0,0.0
RUSHB,0.0,1.0,0.0,0.0
WULF,0.0,1.0,0.0,0.0
FMBH,0.0,1.0,0.0,0.0
BJRI,0.0,1.0,0.0,0.0
FIP,0.0,1.0,0.0,0.0
CHCT,0.0,1.0,0.0,0.0
KELYA,0.0,1.0,0.0,0.0
SNCY,0.0,1.0,0.0,0.0
FBMS,0.0,1.0,0.0,0.0
STGW,0.0,1.0,0.0,0.0
ZEUS,0.0,1.0,0.0,0.0
HUT,0.0,1.0,0.0,0.0
METC,0.0,1.0,0.0,0.0
NUVB,0.0,1.0,0.0,0.0
CTBI,0.0,1.0,0.0,0.0
HG,0.0,1.0,0.0,0.0
AMAL,0.0,1.0,0.0,0.0
ASC,0.0,1.0,0.0,0.0
DX,0.0,1.0,0.0,0.0
NBR,0.0,1.0,0.0,0.0
CCO,0.0,1.0,0.0,0.0
CRGX,0.0,1.0,0.0,0.0
REAX,0.0,1.0,0.0,0.0
RWT,0.0,1.0,0.0,0.0
BRKL,0.0,1.0,0.0,0.0
CBL,0.0,1.0,0.0,0.0
EOLS,0.0,1.0,0.0,0.0
MD,0.0,1.0,0.0,0.0
SSYS,0.0,1.0,0.0,0.0
ARCT,0.0,1.0,0.0,0.0
SILK,0.0,1.0,0.0,0.0
ML,0.0,1.0,0.0,0.0
KIDS,0.0,1.0,0.0,0.0
SMP,0.0,1.0,0.0,0.0
LBPH,0.0,1.0,0.0,0.0
SHEN,0.0,1.0,0.0,0.0
AHH,0.0,1.0,0.0,0.0
PFC,0.0,1.0,0.0,0.0
PBI,0.0,1.0,0.0,0.0
SPLP,0.0,1.0,0.0,0.0
CNOB,0.0,1.0,0.0,0.0
CHGG,0.0,1.0,0.0,0.0
COGT,0.0,1.0,0.0,0.0
ARHS,0.0,1.0,0.0,0.0
YEXT,0.0,1.0,0.0,0.0
DCOM,0.0,1.0,0.0,0.0
ETD,0.0,1.0,0.0,0.0
EGY,0.0,1.0,0.0,0.0
BRY,0.0,1.0,0.0,0.0
TK,0.0,1.0,0.0,0.0
PLRX,0.0,1.0,0.0,0.0
ASIX,0.0,1.0,0.0,0.0
NVRI,0.0,1.0,0.0,0.0
PRA,0.0,1.0,0.0,0.0
EVRI,0.0,1.0,0.0,0.0
GDRX,0.0,1.0,0.0,0.0
DEC,0.0,1.0,0.0,0.0
SOC,0.0,1.0,0.0,0.0
MBUU,0.0,1.0,0.0,0.0
DIN,0.0,1.0,0.0,0.0
VREX,0.0,1.0,0.0,0.0
VTS,0.0,1.0,0.0,0.0
IMXI,0.0,1.0,0.0,0.0
OFLX,0.0,1.0,0.0,0.0
BNRE,0.0,1.0,0.0,0.0
DRQ,0.0,1.0,0.0,0.0
MNMD,0.0,1.0,0.0,0.0
ROOT,0.0,1.0,0.0,0.0
LEU,0.0,1.0,0.0,0.0
CLW,0.0,1.0,0.0,0.0
KREF,0.0,1.0,0.0,0.0
SPTN,0.0,1.0,0.0,0.0
PHAR,0.0,1.0,0.0,0.0
TMCI,0.0,1.0,0.0,0.0
EVLV,0.0,1.0,0.0,0.0
INN,0.0,1.0,0.0,0.0
KYTX,0.0,1.0,0.0,0.0
STOK,0.0,1.0,0.0,0.0
RDFN,0.0,1.0,0.0,0.0
DNTH,0.0,1.0,0.0,0.0
ACCD,0.0,1.0,0.0,0.0
YMAB,0.0,1.0,0.0,0.0
CNDT,0.0,1.0,0.0,0.0
SVRA,0.0,1.0,0.0,0.0
AMBC,0.0,1.0,0.0,0.0
NYMT,0.0,1.0,0.0,0.0
CFFN,0.0,1.0,0.0,0.0
TMP,0.0,1.0,0.0,0.0
HA,0.0,1.0,0.0,0.0
NVAX,0.0,1.0,0.0,0.0
AOSL,0.0,1.0,0.0,0.0
TRTX,0.0,1.0,0.0,0.0
NBBK,0.0,1.0,0.0,0.0
UVSP,0.0,1.0,0.0,0.0
HLVX,0.0,1.0,0.0,0.0
EMBC,0.0,1.0,0.0,0.0
MCBS,0.0,1.0,0.0,0.0
ANAB,0.0,1.0,0.0,0.0
NUS,0.0,1.0,0.0,0.0
PACK,0.0,1.0,0.0,0.0
AVTE,0.0,1.0,0.0,0.0
FWRD,0.0,1.0,0.0,0.0
PNTG,0.0,1.0,0.0,0.0
ANL,0.0,1.0,0.0,0.0
OSBC,0.0,1.0,0.0,0.0
FLGT,0.0,1.0,0.0,0.0
FCBC,0.0,1.0,0.0,0.0
HSII,0.0,1.0,0.0,0.0
KRRO,0.0,1.0,0.0,0.0
CDLX,0.0,1.0,0.0,0.0
IIIN,0.0,1.0,0.0,0.0
GSBC,0.0,1.0,0.0,0.0
CVII,0.0,1.0,0.0,0.0
CFB,0.0,1.0,0.0,0.0
NR,0.0,1.0,0.0,0.0
HCKT,0.0,1.0,0.0,0.0
TIPT,0.0,1.0,0.0,0.0
PLPC,0.0,1.0,0.0,0.0
SIGA,0.0,1.0,0.0,0.0
CCRN,0.0,1.0,0.0,0.0
HFWA,0.0,1.0,0.0,0.0
SIBN,0.0,1.0,0.0,0.0
PEO,0.0,1.0,0.0,0.0
ZYME,0.0,1.0,0.0,0.0
SMXT,0.0,1.0,0.0,0.0
MITK,0.0,1.0,0.0,0.0
CMP,0.0,1.0,0.0,0.0
CSTL,0.0,1.0,0.0,0.0
BWMN,0.0,1.0,0.0,0.0
ATEX,0.0,1.0,0.0,0.0
HBT,0.0,1.0,0.0,0.0
IRON,0.0,1.0,0.0,0.0
LPRO,0.0,1.0,0.0,0.0
NRDS,0.0,1.0,0.0,0.0
LXU,0.0,1.0,0.0,0.0
ATUS,0.0,1.0,0.0,0.0
RSVR,0.0,1.0,0.0,0.0
TTI,0.0,1.0,0.0,0.0
MBWM,0.0,1.0,0.0,0.0
WALD,0.0,1.0,0.0,0.0
BELFB,0.0,1.0,0.0,0.0
LYEL,0.0,1.0,0.0,0.0
CORZ,0.0,1.0,0.0,0.0
PGY,0.0,1.0,0.0,0.0
NPK,0.0,1.0,0.0,0.0
CHPT,0.0,1.0,0.0,0.0
FRPH,0.0,1.0,0.0,0.0
CASS,0.0,1.0,0.0,0.0
DAVE,0.0,1.0,0.0,0.0
AMPS,0.0,1.0,0.0,0.0
QTRX,0.0,1.0,0.0,0.0
TXO,0.0,1.0,0.0,0.0
EVER,0.0,1.0,0.0,0.0
UWMC,0.0,1.0,0.0,0.0
GHRS,0.0,1.0,0.0,0.0
EGBN,0.0,1.0,0.0,0.0
WSR,0.0,1.0,0.0,0.0
MLYS,0.0,1.0,0.0,0.0
BALY,0.0,1.0,0.0,0.0
KRT,0.0,1.0,0.0,0.0
HOUS,0.0,1.0,0.0,0.0
MNTK,0.0,1.0,0.0,0.0
ARKO,0.0,1.0,0.0,0.0
ORIC,0.0,1.0,0.0,0.0
MLR,0.0,1.0,0.0,0.0
EZPW,0.0,1.0,0.0,0.0
UVE,0.0,1.0,0.0,0.0
HIPO,0.0,1.0,0.0,0.0
EWCZ,0.0,1.0,0.0,0.0
AVBP,0.0,1.0,0.0,0.0
IIIV,0.0,1.0,0.0,0.0
PBT,0.0,1.0,0.0,0.0
PRME,0.0,1.0,0.0,0.0
DHC,0.0,1.0,0.0,0.0
HZO,0.0,1.0,0.0,0.0
LXRX,0.0,1.0,0.0,0.0
UFCS,0.0,1.0,0.0,0.0
HAIN,0.0,1.0,0.0,0.0
BLND,0.0,1.0,0.0,0.0
ADSE,0.0,1.0,0.0,0.0
MLAB,0.0,1.0,0.0,0.0
CPF,0.0,1.0,0.0,0.0
OLMA,0.0,1.0,0.0,0.0
FC,0.0,1.0,0.0,0.0
GMRE,0.0,1.0,0.0,0.0
ABUS,0.0,1.0,0.0,0.0
UNFI,0.0,1.0,0.0,0.0
NOVA,0.0,1.0,0.0,0.0
OUST,0.0,1.0,0.0,0.0
TRML,0.0,1.0,0.0,0.0
LQDT,0.0,1.0,0.0,0.0
SD,0.0,1.0,0.0,0.0
LASR,0.0,1.0,0.0,0.0
ESGRP,0.0,1.0,0.0,0.0
ABSI,0.0,1.0,0.0,0.0
LFMD,0.0,1.0,0.0,0.0
VMEO,0.0,1.0,0.0,0.0
PLOW,0.0,1.0,0.0,0.0
AACT,0.0,1.0,0.0,0.0
GTN,0.0,1.0,0.0,0.0
ACIC,0.0,1.0,0.0,0.0
KE,0.0,1.0,0.0,0.0
SBGI,0.0,1.0,0.0,0.0
IBCP,0.0,1.0,0.0,0.0
EHAB,0.0,1.0,0.0,0.0
TALK,0.0,1.0,0.0,0.0
CHUY,0.0,1.0,0.0,0.0
MCBC,0.0,1.0,0.0,0.0
PKST,0.0,1.0,0.0,0.0
OLO,0.0,1.0,0.0,0.0
FPI,0.0,1.0,0.0,0.0
OABI,0.0,1.0,0.0,0.0
SMR,0.0,1.0,0.0,0.0
LAZR,0.0,1.0,0.0,0.0
SRG,0.0,1.0,0.0,0.0
HBNC,0.0,1.0,0.0,0.0
PHAT,0.0,1.0,0.0,0.0
LMB,0.0,1.0,0.0,0.0
CLNE,0.0,1.0,0.0,0.0
BFST,0.0,1.0,0.0,0.0
ATXS,0.0,1.0,0.0,0.0
EBF,0.0,1.0,0.0,0.0
GOOD,0.0,1.0,0.0,0.0
PWFL,0.0,1.0,0.0,0.0
OCS,0.0,1.0,0.0,0.0
CCB,0.0,1.0,0.0,0.0
TRST,0.0,1.0,0.0,0.0
EQBK,0.0,1.0,0.0,0.0
TITN,0.0,1.0,0.0,0.0
CNSL,0.0,1.0,0.0,0.0
HUMA,0.0,1.0,0.0,0.0
SKYT,0.0,1.0,0.0,0.0
ESGRO,0.0,1.0,0.0,0.0
UHT,0.0,1.0,0.0,0.0
RSI,0.0,1.0,0.0,0.0
REPX,0.0,1.0,0.0,0.0
ALNT,0.0,1.0,0.0,0.0
IRMD,0.0,1.0,0.0,0.0
APLT,0.0,1.0,0.0,0.0
STTK,0.0,1.0,0.0,0.0
GCBC,0.0,1.0,0.0,0.0
OFIX,0.0,1.0,0.0,0.0
YORW,0.0,1.0,0.0,0.0
RBBN,0.0,1.0,0.0,0.0
PETQ,0.0,1.0,0.0,0.0
ACTG,0.0,1.0,0.0,0.0
URG,0.0,1.0,0.0,0.0
LEGH,0.0,1.0,0.0,0.0
CVGW,0.0,1.0,0.0,0.0
TPB,0.0,1.0,0.0,0.0
ATRO,0.0,1.0,0.0,0.0
TREE,0.0,1.0,0.0,0.0
BOC,0.0,1.0,0.0,0.0
CEVA,0.0,1.0,0.0,0.0
CVLG,0.0,1.0,0.0,0.0
CABA,0.0,1.0,0.0,0.0
CDMO,0.0,1.0,0.0,0.0
HTBK,0.0,1.0,0.0,0.0
ALEC,0.0,1.0,0.0,0.0
OLP,0.0,1.0,0.0,0.0
XPER,0.0,1.0,0.0,0.0
HLLY,0.0,1.0,0.0,0.0
SMRT,0.0,1.0,0.0,0.0
RDUS,0.0,1.0,0.0,0.0
INNV,0.0,1.0,0.0,0.0
GLDD,0.0,1.0,0.0,0.0
LAW,0.0,1.0,0.0,0.0
DJCO,0.0,1.0,0.0,0.0
RICK,0.0,1.0,0.0,0.0
THRD,0.0,1.0,0.0,0.0
VERV,0.0,1.0,0.0,0.0
CATC,0.0,1.0,0.0,0.0
URGN,0.0,1.0,0.0,0.0
MSBI,0.0,1.0,0.0,0.0
CENT,0.0,1.0,0.0,0.0
CELC,0.0,1.0,0.0,0.0
FSBC,0.0,1.0,0.0,0.0
ACCO,0.0,1.0,0.0,0.0
PL,0.0,1.0,0.0,0.0
ALLO,0.0,1.0,0.0,0.0
HAFC,0.0,1.0,0.0,0.0
ALT,0.0,1.0,0.0,0.0
HONE,0.0,1.0,0.0,0.0
HDSN,0.0,1.0,0.0,0.0
DBI,0.0,1.0,0.0,0.0
GDOT,0.0,1.0,0.0,0.0
ADCT,0.0,1.0,0.0,0.0
HVT,0.0,1.0,0.0,0.0
ORC,0.0,1.0,0.0,0.0
SMBC,0.0,1.0,0.0,0.0
TRC,0.0,1.0,0.0,0.0
CCBG,0.0,1.0,0.0,0.0
MTW,0.0,1.0,0.0,0.0
IAUX,0.0,1.0,0.0,0.0
MCB,0.0,1.0,0.0,0.0
LE,0.0,1.0,0.0,0.0
KALV,0.0,1.0,0.0,0.0
FULC,0.0,1.0,0.0,0.0
FMNB,0.0,1.0,0.0,0.0
LAND,0.0,1.0,0.0,0.0
DMRC,0.0,1.0,0.0,0.0
PAY,0.0,1.0,0.0,0.0
BAND,0.0,1.0,0.0,0.0
CLDT,0.0,1.0,0.0,0.0
FCEL,0.0,1.0,0.0,0.0
SNDA,0.0,1.0,0.0,0.0
ARIS,0.0,1.0,0.0,0.0
LSEA,0.0,1.0,0.0,0.0
LWLG,0.0,1.0,0.0,0.0
FUBO,0.0,1.0,0.0,0.0
BBW,0.0,1.0,0.0,0.0
DDD,0.0,1.0,0.0,0.0
MEI,0.0,1.0,0.0,0.0
EDIT,0.0,1.0,0.0,0.0
CAC,0.0,1.0,0.0,0.0
EE,0.0,1.0,0.0,0.0
AMSC,0.0,1.0,0.0,0.0
CYH,0.0,1.0,0.0,0.0
CBUS,0.0,1.0,0.0,0.0
BIGC,0.0,1.0,0.0,0.0
WASH,0.0,1.0,0.0,0.0
LYTS,0.0,1.0,0.0,0.0
SRI,0.0,1.0,0.0,0.0
DENN,0.0,1.0,0.0,0.0
HTBI,0.0,1.0,0.0,0.0
NTGR,0.0,1.0,0.0,0.0
THFF,0.0,1.0,0.0,0.0
SPFI,0.0,1.0,0.0,0.0
AVAH,0.0,1.0,0.0,0.0
AVNW,0.0,1.0,0.0,0.0
CTLP,0.0,1.0,0.0,0.0
DAKT,0.0,1.0,0.0,0.0
FATE,0.0,1.0,0.0,0.0
CCCC,0.0,1.0,0.0,0.0
OSG,0.0,1.0,0.0,0.0
EAF,0.0,1.0,0.0,0.0
BYND,0.0,1.0,0.0,0.0
CLFD,0.0,1.0,0.0,0.0
TSHA,0.0,1.0,0.0,0.0
EB,0.0,1.0,0.0,0.0
OPY,0.0,1.0,0.0,0.0
ADPT,0.0,1.0,0.0,0.0
GLRE,0.0,1.0,0.0,0.0
VYGR,0.0,1.0,0.0,0.0
BATRA,0.0,1.0,0.0,0.0
DHIL,0.0,1.0,0.0,0.0
CDNA,0.0,1.0,0.0,0.0
NVRO,0.0,1.0,0.0,0.0
TBPH,0.0,1.0,0.0,0.0
PX,0.0,1.0,0.0,0.0
ZIMV,0.0,1.0,0.0,0.0
SES,0.0,1.0,0.0,0.0
NKTX,0.0,1.0,0.0,0.0
GRPN,0.0,1.0,0.0,0.0
LRMR,0.0,1.0,0.0,0.0
GNE,0.0,1.0,0.0,0.0
IVR,0.0,1.0,0.0,0.0
REPL,0.0,1.0,0.0,0.0
TRDA,0.0,1.0,0.0,0.0
NBN,0.0,1.0,0.0,0.0
OSPN,0.0,1.0,0.0,0.0
VPG,0.0,1.0,0.0,0.0
CRNC,0.0,1.0,0.0,0.0
SLRN,0.0,1.0,0.0,0.0
ALTG,0.0,1.0,0.0,0.0
MPLN,0.0,1.0,0.0,0.0
SAVE,0.0,1.0,0.0,0.0
ANRO,0.0,1.0,0.0,0.0
XPOF,0.0,1.0,0.0,0.0
CSV,0.0,1.0,0.0,0.0
PGC,0.0,1.0,0.0,0.0
ALRS,0.0,1.0,0.0,0.0
NCMI,0.0,1.0,0.0,0.0
LNZA,0.0,1.0,0.0,0.0
NL,0.0,1.0,0.0,0.0
NGNE,0.0,1.0,0.0,0.0
MOV,0.0,1.0,0.0,0.0
TVTX,0.0,1.0,0.0,0.0
WLDN,0.0,1.0,0.0,0.0
MPX,0.0,1.0,0.0,0.0
CWCO,0.0,1.0,0.0,0.0
ATLC,0.0,1.0,0.0,0.0
PLSE,0.0,1.0,0.0,0.0
LXEO,0.0,1.0,0.0,0.0
ESQ,0.0,1.0,0.0,0.0
CCNE,0.0,1.0,0.0,0.0
RXT,0.0,1.0,0.0,0.0
MED,0.0,1.0,0.0,0.0
RNAC,0.0,1.0,0.0,0.0
MXCT,0.0,1.0,0.0,0.0
REAL,0.0,1.0,0.0,0.0
OSUR,0.0,1.0,0.0,0.0
CTO,0.0,1.0,0.0,0.0
ANNX,0.0,1.0,0.0,0.0
MRSN,0.0,1.0,0.0,0.0
SKIN,0.0,1.0,0.0,0.0
CRBP,0.0,1.0,0.0,0.0
TELL,0.0,1.0,0.0,0.0
SGU,0.0,1.0,0.0,0.0
REI,0.0,1.0,0.0,0.0
SHYF,0.0,1.0,0.0,0.0
SKYE,0.0,1.0,0.0,0.0
ANIK,0.0,1.0,0.0,0.0
SERA,0.0,1.0,0.0,0.0
MLP,0.0,1.0,0.0,0.0
BLZE,0.0,1.0,0.0,0.0
ACRE,0.0,1.0,0.0,0.0
AAOI,0.0,1.0,0.0,0.0
ESPR,0.0,1.0,0.0,0.0
HRTX,0.0,1.0,0.0,0.0
NGVC,0.0,1.0,0.0,0.0
HIFS,0.0,1.0,0.0,0.0
NVEC,0.0,1.0,0.0,0.0
ITOS,0.0,1.0,0.0,0.0
KIND,0.0,1.0,0.0,0.0
HROW,0.0,1.0,0.0,0.0
LIND,0.0,1.0,0.0,0.0
JOUT,0.0,1.0,0.0,0.0
NPCE,0.0,1.0,0.0,0.0
AROW,0.0,1.0,0.0,0.0
BHB,0.0,1.0,0.0,0.0
RMR,0.0,1.0,0.0,0.0
PTSI,0.0,1.0,0.0,0.0
AMRN,0.0,1.0,0.0,0.0
KODK,0.0,1.0,0.0,0.0
RVNC,0.0,1.0,0.0,0.0
PPTA,0.0,1.0,0.0,0.0
PACB,0.0,1.0,0.0,0.0
NFBK,0.0,1.0,0.0,0.0
SPWR,0.0,1.0,0.0,0.0
RGP,0.0,1.0,0.0,0.0
FARO,0.0,1.0,0.0,0.0
AURA,0.0,1.0,0.0,0.0
NATR,0.0,1.0,0.0,0.0
TCRX,0.0,1.0,0.0,0.0
SRDX,0.0,1.0,0.0,0.0
HCAT,0.0,1.0,0.0,0.0
CRMT,0.0,1.0,0.0,0.0
UIS,0.0,1.0,0.0,0.0
ASLE,0.0,1.0,0.0,0.0
SWIM,0.0,1.0,0.0,0.0
ACRV,0.0,1.0,0.0,0.0
FORR,0.0,1.0,0.0,0.0
ZUMZ,0.0,1.0,0.0,0.0
ADTN,0.0,1.0,0.0,0.0
TNYA,0.0,1.0,0.0,0.0
GCI,0.0,1.0,0.0,0.0
BBCP,0.0,1.0,0.0,0.0
DGICA,0.0,1.0,0.0,0.0
ODC,0.0,1.0,0.0,0.0
ZYXI,0.0,1.0,0.0,0.0
OPFI,0.0,1.0,0.0,0.0
BMEA,0.0,1.0,0.0,0.0
TTEC,0.0,1.0,0.0,0.0
PRCH,0.0,1.0,0.0,0.0
LMNR,0.0,1.0,0.0,0.0
SPCE,0.0,1.0,0.0,0.0
GHI,0.0,1.0,0.0,0.0
AMCX,0.0,1.0,0.0,0.0
LOVE,0.0,1.0,0.0,0.0
WTI,0.0,1.0,0.0,0.0
HSHP,0.0,1.0,0.0,0.0
DCGO,0.0,1.0,0.0,0.0
MPB,0.0,1.0,0.0,0.0
ANSC,0.0,1.0,0.0,0.0
KRNY,0.0,1.0,0.0,0.0
AGS,0.0,1.0,0.0,0.0
PEPG,0.0,1.0,0.0,0.0
AQST,0.0,1.0,0.0,0.0
PGEN,0.0,1.0,0.0,0.0
FBLG,0.0,1.0,0.0,0.0
WOOF,0.0,1.0,0.0,0.0
ERAS,0.0,1.0,0.0,0.0
APLD,0.0,1.0,0.0,0.0
FFWM,0.0,1.0,0.0,0.0
SMBK,0.0,1.0,0.0,0.0
ASA,0.0,1.0,0.0,0.0
MCFT,0.0,1.0,0.0,0.0
WLYB,0.0,1.0,0.0,0.0
FLWS,0.0,1.0,0.0,0.0
QRTEA,0.0,1.0,0.0,0.0
ALTI,0.0,1.0,0.0,0.0
BRT,0.0,1.0,0.0,0.0
QTTB,0.0,1.0,0.0,0.0
PAHC,0.0,1.0,0.0,0.0
SMHI,0.0,1.0,0.0,0.0
PANL,0.0,1.0,0.0,0.0
TERN,0.0,1.0,0.0,0.0
GUTS,0.0,1.0,0.0,0.0
SHBI,0.0,1.0,0.0,0.0
JRVR,0.0,1.0,0.0,0.0
GNTY,0.0,1.0,0.0,0.0
NLOP,0.0,1.0,0.0,0.0
ASTS,0.0,1.0,0.0,0.0
BDTX,0.0,1.0,0.0,0.0
MCS,0.0,1.0,0.0,0.0
MOFG,0.0,1.0,0.0,0.0
OCGN,0.0,1.0,0.0,0.0
ORGO,0.0,1.0,0.0,0.0
SLDB,0.0,1.0,0.0,0.0
ARTNA,0.0,1.0,0.0,0.0
PKOH,0.0,1.0,0.0,0.0
CVEO,0.0,1.0,0.0,0.0
RBB,0.0,1.0,0.0,0.0
AEHR,0.0,1.0,0.0,0.0
DM,0.0,1.0,0.0,0.0
CWBC,0.0,1.0,0.0,0.0
TCMD,0.0,1.0,0.0,0.0
BOOM,0.0,1.0,0.0,0.0
RDZN,0.0,1.0,0.0,0.0
AIRS,0.0,1.0,0.0,0.0
AVXL,0.0,1.0,0.0,0.0
JSPR,0.0,1.0,0.0,0.0
MODV,0.0,1.0,0.0,0.0
RRBI,0.0,1.0,0.0,0.0
LINC,0.0,1.0,0.0,0.0
CLMB,0.0,1.0,0.0,0.0
CTV,0.0,1.0,0.0,0.0
FNKO,0.0,1.0,0.0,0.0
SAR,0.0,1.0,0.0,0.0
FRGE,0.0,1.0,0.0,0.0
SOPH,0.0,1.0,0.0,0.0
INO,0.0,1.0,0.0,0.0
FFIC,0.0,1.0,0.0,0.0
VMD,0.0,1.0,0.0,0.0
AMSWA,0.0,1.0,0.0,0.0
CRBU,0.0,1.0,0.0,0.0
ONEW,0.0,1.0,0.0,0.0
SPOK,0.0,1.0,0.0,0.0
NETD,0.0,1.0,0.0,0.0
AVD,0.0,1.0,0.0,0.0
BWB,0.0,1.0,0.0,0.0
CVRX,0.0,1.0,0.0,0.0
WLFC,0.0,1.0,0.0,0.0
MBI,0.0,1.0,0.0,0.0
CDRO,0.0,1.0,0.0,0.0
GLUE,0.0,1.0,0.0,0.0
IPX,0.0,1.0,0.0,0.0
CERS,0.0,1.0,0.0,0.0
VRCA,0.0,1.0,0.0,0.0
STEM,0.0,1.0,0.0,0.0
TBI,0.0,1.0,0.0,0.0
HNST,0.0,1.0,0.0,0.0
XOMA,0.0,1.0,0.0,0.0
SENEA,0.0,1.0,0.0,0.0
GBLI,0.0,1.0,0.0,0.0
NWPX,0.0,1.0,0.0,0.0
BSRR,0.0,1.0,0.0,0.0
NODK,0.0,1.0,0.0,0.0
TRAK,0.0,1.0,0.0,0.0
PSTL,0.0,1.0,0.0,0.0
PKE,0.0,1.0,0.0,0.0
AVIR,0.0,1.0,0.0,0.0
SHCO,0.0,1.0,0.0,0.0
HRTG,0.0,1.0,0.0,0.0
BYRN,0.0,1.0,0.0,0.0
PBPB,0.0,1.0,0.0,0.0
SGHT,0.0,1.0,0.0,0.0
MGTX,0.0,1.0,0.0,0.0
SMLP,0.0,1.0,0.0,0.0
EBTC,0.0,1.0,0.0,0.0
NUKK,0.0,1.0,0.0,0.0
MTRX,0.0,1.0,0.0,0.0
TGAN,0.0,1.0,0.0,0.0
POWW,0.0,1.0,0.0,0.0
HEAR,0.0,1.0,0.0,0.0
MGX,0.0,1.0,0.0,0.0
WOW,0.0,1.0,0.0,0.0
GWRS,0.0,1.0,0.0,0.0
IGMS,0.0,1.0,0.0,0.0
NAUT,0.0,1.0,0.0,0.0
ITIC,0.0,1.0,0.0,0.0
AMPY,0.0,1.0,0.0,0.0
NRDY,0.0,1.0,0.0,0.0
ADTH,0.0,1.0,0.0,0.0
MVIS,0.0,1.0,0.0,0.0
GCO,0.0,1.0,0.0,0.0
PROC,0.0,1.0,0.0,0.0
LWAY,0.0,1.0,0.0,0.0
SNBR,0.0,1.0,0.0,0.0
AXGN,0.0,1.0,0.0,0.0
VLGEA,0.0,1.0,0.0,0.0
REFI,0.0,1.0,0.0,0.0
SOI,0.0,1.0,0.0,0.0
EGHT,0.0,1.0,0.0,0.0
TTSH,0.0,1.0,0.0,0.0
GHM,0.0,1.0,0.0,0.0
RYAM,0.0,1.0,0.0,0.0
FRBA,0.0,1.0,0.0,0.0
MEC,0.0,1.0,0.0,0.0
LUNG,0.0,1.0,0.0,0.0
AGEN,0.0,1.0,0.0,0.0
RAPT,0.0,1.0,0.0,0.0
SLQT,0.0,1.0,0.0,0.0
NGS,0.0,1.0,0.0,0.0
STRO,0.0,1.0,0.0,0.0
HBCP,0.0,1.0,0.0,0.0
CRMD,0.0,1.0,0.0,0.0
LILA,0.0,1.0,0.0,0.0
AKBA,0.0,1.0,0.0,0.0
GHLD,0.0,1.0,0.0,0.0
JILL,0.0,1.0,0.0,0.0
IPI,0.0,1.0,0.0,0.0
ONTF,0.0,1.0,0.0,0.0
FMAO,0.0,1.0,0.0,0.0
HOWL,0.0,1.0,0.0,0.0
SSP,0.0,1.0,0.0,0.0
SMTI,0.0,1.0,0.0,0.0
LXFR,0.0,1.0,0.0,0.0
CARE,0.0,1.0,0.0,0.0
ORRF,0.0,1.0,0.0,0.0
RRAC,0.0,1.0,0.0,0.0
CRCT,0.0,1.0,0.0,0.0
BRDG,0.0,1.0,0.0,0.0
FF,0.0,1.0,0.0,0.0
SGC,0.0,1.0,0.0,0.0
MG,0.0,1.0,0.0,0.0
CPS,0.0,1.0,0.0,0.0
TCBX,0.0,1.0,0.0,0.0
WEYS,0.0,1.0,0.0,0.0
LLAP,0.0,1.0,0.0,0.0
CBNK,0.0,1.0,0.0,0.0
BRCC,0.0,1.0,0.0,0.0
NRIM,0.0,1.0,0.0,0.0
SLDP,0.0,1.0,0.0,0.0
SEZL,0.0,1.0,0.0,0.0
WTBA,0.0,1.0,0.0,0.0
VNDA,0.0,1.0,0.0,0.0
UNTY,0.0,1.0,0.0,0.0
FISI,0.0,1.0,0.0,0.0
PFIS,0.0,1.0,0.0,0.0
ATNI,0.0,1.0,0.0,0.0
COOK,0.0,1.0,0.0,0.0
WGS,0.0,1.0,0.0,0.0
ACNB,0.0,1.0,0.0,0.0
FBIZ,0.0,1.0,0.0,0.0
ISPR,0.0,1.0,0.0,0.0
INBK,0.0,1.0,0.0,0.0
NEWT,0.0,1.0,0.0,0.0
CLOV,0.0,1.0,0.0,0.0
OBT,0.0,1.0,0.0,0.0
EVI,0.0,1.0,0.0,0.0
DOMO,0.0,1.0,0.0,0.0
AOMR,0.0,1.0,0.0,0.0
CZNC,0.0,1.0,0.0,0.0
LYRA,0.0,1.0,0.0,0.0
FSTR,0.0,1.0,0.0,0.0
FDBC,0.0,1.0,0.0,0.0
NKTR,0.0,1.0,0.0,0.0
CDXC,0.0,1.0,0.0,0.0
IPXX,0.0,1.0,0.0,0.0
LUNR,0.0,1.0,0.0,0.0
MYPS,0.0,1.0,0.0,0.0
TLS,0.0,1.0,0.0,0.0
SDHC,0.0,1.0,0.0,0.0
NATH,0.0,1.0,0.0,0.0
BVS,0.0,1.0,0.0,0.0
RM,0.0,1.0,0.0,0.0
LOCO,0.0,1.0,0.0,0.0
BCAL,0.0,1.0,0.0,0.0
ARQ,0.0,1.0,0.0,0.0
LEGT,0.0,1.0,0.0,0.0
ENTA,0.0,1.0,0.0,0.0
KFS,0.0,1.0,0.0,0.0
PLL,0.0,1.0,0.0,0.0
VTYX,0.0,1.0,0.0,0.0
OIS,0.0,1.0,0.0,0.0
RMNI,0.0,1.0,0.0,0.0
USAP,0.0,1.0,0.0,0.0
RDW,0.0,1.0,0.0,0.0
ALDX,0.0,1.0,0.0,0.0
IHRT,0.0,1.0,0.0,0.0
INZY,0.0,1.0,0.0,0.0
FSBW,0.0,1.0,0.0,0.0
TLSI,0.0,1.0,0.0,0.0
PRTH,0.0,1.0,0.0,0.0
LSXMB,0.0,1.0,0.0,0.0
IVVD,0.0,1.0,0.0,0.0
IRBT,0.0,1.0,0.0,0.0
APEI,0.0,1.0,0.0,0.0
JMSB,0.0,1.0,0.0,0.0
BLDE,0.0,1.0,0.0,0.0
AFCG,0.0,1.0,0.0,0.0
TRUE,0.0,1.0,0.0,0.0
BSVN,0.0,1.0,0.0,0.0
SPIR,0.0,1.0,0.0,0.0
HYAC,0.0,1.0,0.0,0.0
LNKB,0.0,1.0,0.0,0.0
BTBT,0.0,1.0,0.0,0.0
SHCR,0.0,1.0,0.0,0.0
TCI,0.0,1.0,0.0,0.0
XERS,0.0,1.0,0.0,0.0
FREY,0.0,1.0,0.0,0.0
FENC,0.0,1.0,0.0,0.0
SVII,0.0,1.0,0.0,0.0
AIP,0.0,1.0,0.0,0.0
ILPT,0.0,1.0,0.0,0.0
FNLC,0.0,1.0,0.0,0.0
CDT,0.0,1.0,0.0,0.0
BLNK,0.0,1.0,0.0,0.0
RENE,0.0,1.0,0.0,0.0
MVBF,0.0,1.0,0.0,0.0
VSTM,0.0,1.0,0.0,0.0
IPSC,0.0,1.0,0.0,0.0
SBT,0.0,1.0,0.0,0.0
NXDT,0.0,1.0,0.0,0.0
FRST,0.0,1.0,0.0,0.0
FET,0.0,1.0,0.0,0.0
HBB,0.0,1.0,0.0,0.0
CHRS,0.0,1.0,0.0,0.0
ACIU,0.0,1.0,0.0,0.0
RLGT,0.0,1.0,0.0,0.0
ZURA,0.0,1.0,0.0,0.0
HYLN,0.0,1.0,0.0,0.0
CLAR,0.0,1.0,0.0,0.0
PBYI,0.0,1.0,0.0,0.0
RENB,0.0,1.0,0.0,0.0
BMRC,0.0,1.0,0.0,0.0
API,0.0,1.0,0.0,0.0
IMMR,0.0,1.0,0.0,0.0
RDVT,0.0,1.0,0.0,0.0
ORN,0.0,1.0,0.0,0.0
INMB,0.0,1.0,0.0,0.0
TWIN,0.0,1.0,0.0,0.0
RCEL,0.0,1.0,0.0,0.0
INSE,0.0,1.0,0.0,0.0
ANGO,0.0,1.0,0.0,0.0
UTMD,0.0,1.0,0.0,0.0
CCSI,0.0,1.0,0.0,0.0
RNGR,0.0,1.0,0.0,0.0
PCYO,0.0,1.0,0.0,0.0
PAYS,0.0,1.0,0.0,0.0
IBEX,0.0,1.0,0.0,0.0
PBFS,0.0,1.0,0.0,0.0
SENS,0.0,1.0,0.0,0.0
GALT,0.0,1.0,0.0,0.0
PYXS,0.0,1.0,0.0,0.0
QURE,0.0,1.0,0.0,0.0
OVID,0.0,1.0,0.0,0.0
GPRO,0.0,1.0,0.0,0.0
IVCB,0.0,1.0,0.0,0.0
DIBS,0.0,1.0,0.0,0.0
TSVT,0.0,1.0,0.0,0.0
ARAY,0.0,1.0,0.0,0.0
OZ,0.0,1.0,0.0,0.0
RGTI,0.0,1.0,0.0,0.0
CIVB,0.0,1.0,0.0,0.0
BAER,0.0,1.0,0.0,0.0
HMST,0.0,1.0,0.0,0.0
AAN,0.0,1.0,0.0,0.0
PSTX,0.0,1.0,0.0,0.0
SFST,0.0,1.0,0.0,0.0
GPMT,0.0,1.0,0.0,0.0
NECB,0.0,1.0,0.0,0.0
SSBK,0.0,1.0,0.0,0.0
BCML,0.0,1.0,0.0,0.0
MSB,0.0,1.0,0.0,0.0
DSGN,0.0,1.0,0.0,0.0
TG,0.0,1.0,0.0,0.0
LCNB,0.0,1.0,0.0,0.0
NREF,0.0,1.0,0.0,0.0
XBIT,0.0,1.0,0.0,0.0
PROP,0.0,1.0,0.0,0.0
RGCO,0.0,1.0,0.0,0.0
USCB,0.0,1.0,0.0,0.0
PCB,0.0,1.0,0.0,0.0
SWKH,0.0,1.0,0.0,0.0
ATNM,0.0,1.0,0.0,0.0
CVLY,0.0,1.0,0.0,0.0
ALCO,0.0,1.0,0.0,0.0
WSBF,0.0,1.0,0.0,0.0
FLIC,0.0,1.0,0.0,0.0
QUIK,0.0,1.0,0.0,0.0
CDXS,0.0,1.0,0.0,0.0
MACK,0.0,1.0,0.0,0.0
FHTX,0.0,1.0,0.0,0.0
PLBC,0.0,1.0,0.0,0.0
FVCB,0.0,1.0,0.0,0.0
DC,0.0,1.0,0.0,0.0
MAMA,0.0,1.0,0.0,0.0
LBTYB,0.0,1.0,0.0,0.0
QRHC,0.0,1.0,0.0,0.0
GENC,0.0,1.0,0.0,0.0
CVGI,0.0,1.0,0.0,0.0
CRVO,0.0,1.0,0.0,0.0
FLXS,0.0,1.0,0.0,0.0
MASS,0.0,1.0,0.0,0.0
NWFL,0.0,1.0,0.0,0.0
CTGO,0.0,1.0,0.0,0.0
FREE,0.0,1.0,0.0,0.0
SFIX,0.0,1.0,0.0,0.0
VRA,0.0,1.0,0.0,0.0
QSI,0.0,1.0,0.0,0.0
PFMT,0.0,1.0,0.0,0.0
ELEV,0.0,1.0,0.0,0.0
APPS,0.0,1.0,0.0,0.0
LFCR,0.0,1.0,0.0,0.0
CRDF,0.0,1.0,0.0,0.0
PINE,0.0,1.0,0.0,0.0
TRVI,0.0,1.0,0.0,0.0
LCUT,0.0,1.0,0.0,0.0
COFS,0.0,1.0,0.0,0.0
KVAC,0.0,1.0,0.0,0.0
OVLY,0.0,1.0,0.0,0.0
CHMG,0.0,1.0,0.0,0.0
MHLD,0.0,1.0,0.0,0.0
HNRG,0.0,1.0,0.0,0.0
RCKY,0.0,1.0,0.0,0.0
TASK,0.0,1.0,0.0,0.0
SMID,0.0,1.0,0.0,0.0
LCTX,0.0,1.0,0.0,0.0
PMTS,0.0,1.0,0.0,0.0
FPH,0.0,1.0,0.0,0.0
BLFY,0.0,1.0,0.0,0.0
OB,0.0,1.0,0.0,0.0
DXLG,0.0,1.0,0.0,0.0
OPAD,0.0,1.0,0.0,0.0
SJT,0.0,1.0,0.0,0.0
CZFS,0.0,1.0,0.0,0.0
CMPX,0.0,1.0,0.0,0.0
ABOS,0.0,1.0,0.0,0.0
JAKK,0.0,1.0,0.0,0.0
MOND,0.0,1.0,0.0,0.0
ASUR,0.0,1.0,0.0,0.0
COMM,0.0,1.0,0.0,0.0
EML,0.0,1.0,0.0,0.0
EPM,0.0,1.0,0.0,0.0
ADVM,0.0,1.0,0.0,0.0
ALIM,0.0,1.0,0.0,0.0
FSP,0.0,1.0,0.0,0.0
ZVRA,0.0,1.0,0.0,0.0
AUNA,0.0,1.0,0.0,0.0
SCWO,0.0,1.0,0.0,0.0
OCN,0.0,1.0,0.0,0.0
CBAN,0.0,1.0,0.0,0.0
GEVO,0.0,1.0,0.0,0.0
TSBK,0.0,1.0,0.0,0.0
BARK,0.0,1.0,0.0,0.0
EVGO,0.0,1.0,0.0,0.0
XFOR,0.0,1.0,0.0,0.0
PKBK,0.0,1.0,0.0,0.0
PLAO,0.0,1.0,0.0,0.0
CTRN,0.0,1.0,0.0,0.0
OTLK,0.0,1.0,0.0,0.0
LVO,0.0,1.0,0.0,0.0
MFIN,0.0,1.0,0.0,0.0
PDLB,0.0,1.0,0.0,0.0
FLL,0.0,1.0,0.0,0.0
TELO,0.0,1.0,0.0,0.0
GTHX,0.0,1.0,0.0,0.0
BPRN,0.0,1.0,0.0,0.0
HLXB,0.0,1.0,0.0,0.0
SMLR,0.0,1.0,0.0,0.0
EGAN,0.0,1.0,0.0,0.0
BLUE,0.0,1.0,0.0,0.0
OOMA,0.0,1.0,0.0,0.0
GBIO,0.0,1.0,0.0,0.0
TRTL,0.0,1.0,0.0,0.0
FFNW,0.0,1.0,0.0,0.0
OMER,0.0,1.0,0.0,0.0
PNRG,0.0,1.0,0.0,0.0
RMBL,0.0,1.0,0.0,0.0
STRS,0.0,1.0,0.0,0.0
RIGL,0.0,1.0,0.0,0.0
NRGV,0.0,1.0,0.0,0.0
VERU,0.0,1.0,0.0,0.0
CALB,0.0,1.0,0.0,0.0
ITI,0.0,1.0,0.0,0.0
AEYE,0.0,1.0,0.0,0.0
OPRX,0.0,1.0,0.0,0.0
JYNT,0.0,1.0,0.0,0.0
BWFG,0.0,1.0,0.0,0.0
LDI,0.0,1.0,0.0,0.0
GOEV,0.0,1.0,0.0,0.0
HOFT,0.0,1.0,0.0,0.0
STXS,0.0,1.0,0.0,0.0
QUAD,0.0,1.0,0.0,0.0
SEVN,0.0,1.0,0.0,0.0
NNBR,0.0,1.0,0.0,0.0
ATLO,0.0,1.0,0.0,0.0
AKYA,0.0,1.0,0.0,0.0
KLTR,0.0,1.0,0.0,0.0
CAPR,0.0,1.0,0.0,0.0
DTI,0.0,1.0,0.0,0.0
VTSI,0.0,1.0,0.0,0.0
MBCN,0.0,1.0,0.0,0.0
ULBI,0.0,1.0,0.0,0.0
BKSY,0.0,1.0,0.0,0.0
TSQ,0.0,1.0,0.0,0.0
ONL,0.0,1.0,0.0,0.0
BHR,0.0,1.0,0.0,0.0
AMTX,0.0,1.0,0.0,0.0
VIRC,0.0,1.0,0.0,0.0
HQI,0.0,1.0,0.0,0.0
ASPI,0.0,1.0,0.0,0.0
AMPX,0.0,1.0,0.0,0.0
INOD,0.0,1.0,0.0,0.0
RANI,0.0,1.0,0.0,0.0
KOD,0.0,1.0,0.0,0.0
CPSS,0.0,1.0,0.0,0.0
BTMD,0.0,1.0,0.0,0.0
ANGI,0.0,1.0,0.0,0.0
CIO,0.0,1.0,0.0,0.0
EVE,0.0,1.0,0.0,0.0
SSTI,0.0,1.0,0.0,0.0
ESCA,0.0,1.0,0.0,0.0
BRKH,0.0,1.0,0.0,0.0
EOSE,0.0,1.0,0.0,0.0
CMT,0.0,1.0,0.0,0.0
VERY,0.0,1.0,0.0,0.0
ESBA,0.0,1.0,0.0,0.0
EVC,0.0,1.0,0.0,0.0
PLMJ,0.0,1.0,0.0,0.0
NC,0.0,1.0,0.0,0.0
GEOS,0.0,1.0,0.0,0.0
ATOS,0.0,1.0,0.0,0.0
III,0.0,1.0,0.0,0.0
MRAM,0.0,1.0,0.0,0.0
RGLS,0.0,1.0,0.0,0.0
ISTR,0.0,1.0,0.0,0.0
BCBP,0.0,1.0,0.0,0.0
TAYD,0.0,1.0,0.0,0.0
AEVA,0.0,1.0,0.0,0.0
PRPL,0.0,1.0,0.0,0.0
MITT,0.0,1.0,0.0,0.0
STHO,0.0,1.0,0.0,0.0
ME,0.0,1.0,0.0,0.0
HBIO,0.0,1.0,0.0,0.0
CDZI,0.0,1.0,0.0,0.0
HFFG,0.0,1.0,0.0,0.0
PROK,0.0,1.0,0.0,0.0
STKS,0.0,1.0,0.0,0.0
AMWL,0.0,1.0,0.0,0.0
INFU,0.0,1.0,0.0,0.0
GOSS,0.0,1.0,0.0,0.0
PESI,0.0,1.0,0.0,0.0
ABEO,0.0,1.0,0.0,0.0
GLSI,0.0,1.0,0.0,0.0
PRQR,0.0,1.0,0.0,0.0
NKSH,0.0,1.0,0.0,0.0
BETR,0.0,1.0,0.0,0.0
BFLY,0.0,1.0,0.0,0.0
OBIO,0.0,1.0,0.0,0.0
MYFW,0.0,1.0,0.0,0.0
CNDA,0.0,1.0,0.0,0.0
REKR,0.0,1.0,0.0,0.0
NTIC,0.0,1.0,0.0,0.0
SACH,0.0,1.0,0.0,0.0
ESSA,0.0,1.0,0.0,0.0
PEBK,0.0,1.0,0.0,0.0
SCPH,0.0,1.0,0.0,0.0
QIPT,0.0,1.0,0.0,0.0
INTT,0.0,1.0,0.0,0.0
INGN,0.0,1.0,0.0,0.0
NOTE,0.0,1.0,0.0,0.0
DLHC,0.0,1.0,0.0,0.0
BCSA,0.0,1.0,0.0,0.0
CLPT,0.0,1.0,0.0,0.0
FUNC,0.0,1.0,0.0,0.0
EP,0.0,1.0,0.0,0.0
ALTO,0.0,1.0,0.0,0.0
PVBC,0.0,1.0,0.0,0.0
PEGR,0.0,1.0,0.0,0.0
ACU,0.0,1.0,0.0,0.0
TVGN,0.0,1.0,0.0,0.0
TUSK,0.0,1.0,0.0,0.0
BELFA,0.0,1.0,0.0,0.0
LENZ,0.0,0.9809,0.0,0.0191
VABK,0.0,1.0,0.0,0.0
SBXC,0.0,1.0,0.0,0.0
SEDA,0.0,1.0,0.0,0.0
SGA,0.0,1.0,0.0,0.0
BDSX,0.0,1.0,0.0,0.0
TPIC,0.0,1.0,0.0,0.0
RCMT,0.0,1.0,0.0,0.0
MCRB,0.0,1.0,0.0,0.0
VCXB,0.0,1.0,0.0,0.0
CMPO,0.0,1.0,0.0,0.0
OPAL,0.0,1.0,0.0,0.0
AEON,0.0,1.0,0.0,0.0
EVBN,0.0,1.0,0.0,0.0
PRLD,0.0,1.0,0.0,0.0
SOWG,0.0,1.0,0.0,0.0
NFYS,0.0,1.0,0.0,0.0
SAMG,0.0,1.0,0.0,0.0
DSP,0.0,1.0,0.0,0.0
GRWG,0.0,1.0,0.0,0.0
VTNR,0.0,1.0,0.0,0.0
LOGC,0.0,1.0,0.0,0.0
MDV,0.0,1.0,0.0,0.0
ALSA,0.0,1.0,0.0,0.0
HYZN,0.0,1.0,0.0,0.0
TDUP,0.0,1.0,0.0,0.0
TWLV,0.0,1.0,0.0,0.0
DCTH,0.0,1.0,0.0,0.0
UEIC,0.0,1.0,0.0,0.0
TLYS,0.0,1.0,0.0,0.0
FINW,0.0,1.0,0.0,0.0
AXTI,0.0,1.0,0.0,0.0
FRAF,0.0,1.0,0.0,0.0
OPBK,0.0,1.0,0.0,0.0
ALOT,0.0,1.0,0.0,0.0
RMAX,0.0,1.0,0.0,0.0
ELMD,0.0,1.0,0.0,0.0
WW,0.0,1.0,0.0,0.0
SST,0.0,1.0,0.0,0.0
BCAB,0.0,1.0,0.0,0.0
DLTH,0.0,1.0,0.0,0.0
ATEK,0.0,1.0,0.0,0.0
EARN,0.0,1.0,0.0,0.0
WNEB,0.0,1.0,0.0,0.0
ZOM,0.0,1.0,0.0,0.0
AMLX,0.0,1.0,0.0,0.0
VOXX,0.0,1.0,0.0,0.0
SNFCA,0.0,1.0,0.0,0.0
FRD,0.0,1.0,0.0,0.0
FTLF,0.0,1.0,0.0,0.0
CFFI,0.0,1.0,0.0,0.0
OM,0.0,1.0,0.0,0.0
MCAA,0.0,1.0,0.0,0.0
VERI,0.0,1.0,0.0,0.0
SYRS,0.0,1.0,0.0,0.0
PHX,0.0,1.0,0.0,0.0
VOR,0.0,1.0,0.0,0.0
TBRG,0.0,1.0,0.0,0.0
OMGA,0.0,1.0,0.0,0.0
PHYT,0.0,1.0,0.0,0.0
ALCY,0.0,1.0,0.0,0.0
AJX,0.0,1.0,0.0,0.0
FCCO,0.0,1.0,0.0,0.0
AUGX,0.0,1.0,0.0,0.0
ESOA,0.0,1.0,0.0,0.0
HWBK,0.0,1.0,0.0,0.0
PDSB,0.0,1.0,0.0,0.0
UNB,0.0,1.0,0.0,0.0
VTGN,0.0,1.0,0.0,0.0
PNST,0.0,1.0,0.0,0.0
CSPI,0.0,1.0,0.0,0.0
SGMT,0.0,1.0,0.0,0.0
GWH,0.0,1.0,0.0,0.0
WHG,0.0,1.0,0.0,0.0
SUP,0.0,1.0,0.0,0.0
KPTI,0.0,1.0,0.0,0.0
PLMI,0.0,1.0,0.0,0.0
FGBI,0.0,1.0,0.0,0.0
RELL,0.0,1.0,0.0,0.0
RRGB,0.0,1.0,0.0,0.0
KLXE,0.0,1.0,0.0,0.0
ATOM,0.0,1.0,0.0,0.0
PWOD,0.0,1.0,0.0,0.0
LTRX,0.0,1.0,0.0,0.0
UBFO,0.0,1.0,0.0,0.0
CTMX,0.0,1.0,0.0,0.0
EXFY,0.0,1.0,0.0,0.0
COYA,0.0,1.0,0.0,0.0
BFIN,0.0,1.0,0.0,0.0
AISP,0.0,1.0,0.0,0.0
EHTH,0.0,1.0,0.0,0.0
ESHA,0.0,1.0,0.0,0.0
LFT,0.0,1.0,0.0,0.0
GSIT,0.0,1.0,0.0,0.0
ACET,0.0,1.0,0.0,0.0
BSET,0.0,1.0,0.0,0.0
LAKE,0.0,1.0,0.0,0.0
DHX,0.0,1.0,0.0,0.0
INVE,0.0,1.0,0.0,0.0
BCG,0.0,1.0,0.0,0.0
OPRT,0.0,1.0,0.0,0.0
RCFA,0.0,1.0,0.0,0.0
MVST,0.0,1.0,0.0,0.0
VXRT,0.0,1.0,0.0,0.0
HNVR,0.0,1.0,0.0,0.0
SEER,0.0,1.0,0.0,0.0
RMBI,0.0,1.0,0.0,0.0
SPWH,0.0,1.0,0.0,0.0
SERV,0.0,1.0,0.0,0.0
MNSB,0.0,1.0,0.0,0.0
MKFG,0.0,1.0,0.0,0.0
AREC,0.0,1.0,0.0,0.0
DTC,0.0,1.0,0.0,0.0
HURC,0.0,1.0,0.0,0.0
CTXR,0.0,1.0,0.0,0.0
TRIS,0.0,1.0,0.0,0.0
ARC,0.0,1.0,0.0,0.0
MVO,0.0,1.0,0.0,0.0
TELA,0.0,1.0,0.0,0.0
BVFL,0.0,1.0,0.0,0.0
NVCT,0.0,1.0,0.0,0.0
MPAA,0.0,1.0,0.0,0.0
DOUG,0.0,1.0,0.0,0.0
SKYX,0.0,1.0,0.0,0.0
GIFI,0.0,1.0,0.0,0.0
PXLW,0.0,1.0,0.0,0.0
FAT,0.0,1.0,0.0,0.0
MOLN,0.0,1.0,0.0,0.0
SOL,0.0,1.0,0.0,0.0
ECBK,0.0,1.0,0.0,0.0
CBFV,0.0,1.0,0.0,0.0
CPHC,0.0,1.0,0.0,0.0
XTNT,0.0,1.0,0.0,0.0
IMUX,0.0,1.0,0.0,0.0
SCX,0.0,1.0,0.0,0.0
KGEI,0.0,1.0,0.0,0.0
CXDO,0.0,1.0,0.0,0.0
WMPN,0.0,1.0,0.0,0.0
SKGR,0.0,1.0,0.0,0.0
ELA,0.0,1.0,0.0,0.0
MNTX,0.0,1.0,0.0,0.0
CFFS,0.0,1.0,0.0,0.0
IDR,0.0,1.0,0.0,0.0
OVBC,0.0,1.0,0.0,0.0
PSQH,0.0,1.0,0.0,0.0
IVCA,0.0,1.0,0.0,0.0
ISSC,0.0,1.0,0.0,0.0
ACR,0.0,1.0,0.0,0.0
FNCB,0.0,1.0,0.0,0.0
AFBI,0.0,1.0,0.0,0.0
AXR,0.0,1.0,0.0,0.0
IVAC,0.0,1.0,0.0,0.0
AOUT,0.0,1.0,0.0,0.0
CZWI,0.0,1.0,0.0,0.0
LIFE,0.0,1.0,0.0,0.0
VCSA,0.0,1.0,0.0,0.0
CNTX,0.0,1.0,0.0,0.0
ALUR,0.0,1.0,0.0,0.0
LPTX,0.0,1.0,0.0,0.0
CHMI,0.0,1.0,0.0,0.0
FSFG,0.0,1.0,0.0,0.0
CLRB,0.0,1.0,0.0,0.0
SCLX,0.0,1.0,0.0,0.0
UFI,0.0,1.0,0.0,0.0
THCP,0.0,1.0,0.0,0.0
MMLP,0.0,1.0,0.0,0.0
STIM,0.0,1.0,0.0,0.0
CSLM,0.0,1.0,0.0,0.0
BEEP,0.0,1.0,0.0,0.0
FNWD,0.0,1.0,0.0,0.0
TZOO,0.0,1.0,0.0,0.0
CIA,0.0,1.0,0.0,0.0
DMAC,0.0,1.0,0.0,0.0
SCWX,0.0,1.0,0.0,0.0
TGAA,0.0,1.0,0.0,0.0
ACNT,0.0,1.0,0.0,0.0
GPAC,0.0,1.0,0.0,0.0
BIG,0.0,1.0,0.0,0.0
ORGN,0.0,1.0,0.0,0.0
RCAT,0.0,1.0,0.0,0.0
FNWB,0.0,1.0,0.0,0.0
BTAI,0.0,1.0,0.0,0.0
FNVT,0.0,1.0,0.0,0.0
SPKL,0.0,1.0,0.0,0.0
EBMT,0.0,1.0,0.0,0.0
OPI,0.0,1.0,0.0,0.0
CMBM,0.0,1.0,0.0,0.0
SENEB,0.0,1.0,0.0,0.0
LCW,0.0,1.0,0.0,0.0
FTK,0.0,1.0,0.0,0.0
KEQU,0.0,1.0,0.0,0.0
VIGL,0.0,1.0,0.0,0.0
RLMD,0.0,1.0,0.0,0.0
PWUP,0.0,1.0,0.0,0.0
SND,0.0,1.0,0.0,0.0
DIT,0.0,1.0,0.0,0.0
SLAM,0.0,1.0,0.0,0.0
MRBK,0.0,1.0,0.0,0.0
MAPS,0.0,1.0,0.0,0.0
METCB,0.0,1.0,0.0,0.0
ORMP,0.0,1.0,0.0,0.0
MHH,0.0,1.0,0.0,0.0
SFBC,0.0,1.0,0.0,0.0
GOCO,0.0,1.0,0.0,0.0
DNMR,0.0,1.0,0.0,0.0
VUZI,0.0,1.0,0.0,0.0
FONR,0.0,1.0,0.0,0.0
LARK,0.0,1.0,0.0,0.0
CITE,0.0,1.0,0.0,0.0
BNAI,0.0,1.0,0.0,0.0
ALRN,0.0,1.0,0.0,0.0
ANIX,0.0,1.0,0.0,0.0
RSSS,0.0,1.0,0.0,0.0
FXNC,0.0,1.0,0.0,0.0
EBS,0.0,1.0,0.0,0.0
BGSF,0.0,1.0,0.0,0.0
TBMC,0.0,1.0,0.0,0.0
CRVS,0.0,1.0,0.0,0.0
MRNS,0.0,1.0,0.0,0.0
BOWN,0.0,1.0,0.0,0.0
RZLT,0.0,1.0,0.0,0.0
ALLK,0.0,1.0,0.0,0.0
GODN,0.0,1.0,0.0,0.0
SBFG,0.0,1.0,0.0,0.0
FGEN,0.0,1.0,0.0,0.0
CNTY,0.0,1.0,0.0,0.0
KVHI,0.0,1.0,0.0,0.0
STRT,0.0,1.0,0.0,0.0
GRTS,0.0,1.0,0.0,0.0
CCRD,0.0,1.0,0.0,0.0
PET,0.0,1.0,0.0,0.0
MYO,0.0,1.0,0.0,0.0
SHOT,0.0,1.0,0.0,0.0
CATO,0.0,1.0,0.0,0.0
HYMC,0.0,1.0,0.0,0.0
ALVR,0.0,1.0,0.0,0.0
SGMO,0.0,1.0,0.0,0.0
FCAP,0.0,1.0,0.0,0.0
KRMD,0.0,1.0,0.0,0.0
BRID,0.0,1.0,0.0,0.0
CFBK,0.0,1.0,0.0,0.0
ETON,0.0,1.0,0.0,0.0
BITE,0.0,1.0,0.0,0.0
MPU,0.0,1.0,0.0,0.0
TSE,0.0,1.0,0.0,0.0
FEIM,0.0,1.0,0.0,0.0
GNSS,0.0,1.0,0.0,0.0
PED,0.0,1.0,0.0,0.0
OPTN,0.0,1.0,0.0,0.0
HMNF,0.0,1.0,0.0,0.0
BEEM,0.0,1.0,0.0,0.0
QETA,0.0,1.0,0.0,0.0
HGBL,0.0,1.0,0.0,0.0
SKLZ,0.0,1.0,0.0,0.0
PRPH,0.0,1.0,0.0,0.0
PMVP,0.0,1.0,0.0,0.0
HOOK,0.0,1.0,0.0,0.0
LABP,0.0,1.0,0.0,0.0
NPAB,0.0,1.0,0.0,0.0
SSSS,0.0,1.0,0.0,0.0
NOTV,0.0,1.0,0.0,0.0
TMTC,0.0,1.0,0.0,0.0
PFX,0.0,1.0,0.0,0.0
BSBK,0.0,1.0,0.0,0.0
BW,0.0,1.0,0.0,0.0
MAYS,0.0,1.0,0.0,0.0
IROH,0.0,1.0,0.0,0.0
CRIS,0.0,1.0,0.0,0.0
PLCE,0.0,1.0,0.0,0.0
BGFV,0.0,1.0,0.0,0.0
XFIN,0.0,1.0,0.0,0.0
GLYC,0.0,1.0,0.0,0.0
NINE,0.0,1.0,0.0,0.0
KULR,0.0,1.0,0.0,0.0
ELDN,0.0,1.0,0.0,0.0
ISRL,0.0,1.0,0.0,0.0
MFH,0.0,1.0,0.0,0.0
FORA,0.0,1.0,0.0,0.0
CLSD,0.0,1.0,0.0,0.0
COCH,0.0,1.0,0.0,0.0
PFIE,0.0,1.0,0.0,0.0
QDRO,0.0,1.0,0.0,0.0
ELTX,0.0,1.0,0.0,0.0
SRBK,0.0,1.0,0.0,0.0
HSPO,0.0,1.0,0.0,0.0
PETS,0.0,1.0,0.0,0.0
MOBX,0.0,1.0,0.0,0.0
GAQ,0.0,1.0,0.0,0.0
RLYB,0.0,1.0,0.0,0.0
VANI,0.0,1.0,0.0,0.0
PASG,0.0,1.0,0.0,0.0
ACRS,0.0,1.0,0.0,0.0
BYSI,0.0,1.0,0.0,0.0
CONN,0.0,1.0,0.0,0.0
ATRA,0.0,1.0,0.0,0.0
PROV,0.0,1.0,0.0,0.0
ARMP,0.0,1.0,0.0,0.0
MNTN,0.0,1.0,0.0,0.0
TOI,0.0,1.0,0.0,0.0
STCN,0.0,1.0,0.0,0.0
CRT,0.0,1.0,0.0,0.0
EMCG,0.0,1.0,0.0,0.0
AACI,0.0,1.0,0.0,0.0
RBKB,0.0,1.0,0.0,0.0
BATL,0.0,1.0,0.0,0.0
DOMA,0.0,1.0,0.0,0.0
SSNT,0.0,1.0,0.0,0.0
GNLX,0.0,1.0,0.0,0.0
FLYX,0.0,1.0,0.0,0.0
AITR,0.0,1.0,0.0,0.0
AC,0.0,1.0,0.0,0.0
DPCS,0.0,1.0,0.0,0.0
SIEB,0.0,1.0,0.0,0.0
PUCK,0.0,1.0,0.0,0.0
MCAC,0.0,1.0,0.0,0.0
LEE,0.0,1.0,0.0,0.0
NB,0.0,1.0,0.0,0.0
NNAG,0.0,1.0,0.0,0.0
CMRX,0.0,1.0,0.0,0.0
LIVE,0.0,1.0,0.0,0.0
FLUX,0.0,1.0,0.0,0.0
AUID,0.0,1.0,0.0,0.0
KOPN,0.0,1.0,0.0,0.0
LFVN,0.0,1.0,0.0,0.0
VLD,0.0,1.0,0.0,0.0
AE,0.0,1.0,0.0,0.0
GBBK,0.0,1.0,0.0,0.0
CNTB,0.0,1.0,0.0,0.0
TPST,0.0,1.0,0.0,0.0
KELYB,0.0,1.0,0.0,0.0
RVPH,0.0,1.0,0.0,0.0
ATMV,0.0,1.0,0.0,0.0
ATHA,0.0,1.0,0.0,0.0
CODA,0.0,1.0,0.0,0.0
UBCP,0.0,1.0,0.0,0.0
PLBY,0.0,1.0,0.0,0.0
ANVS,0.0,1.0,0.0,0.0
CMCT,0.0,1.0,0.0,0.0
RVSB,0.0,1.0,0.0,0.0
GAIA,0.0,1.0,0.0,0.0
CGTX,0.0,1.0,0.0,0.0
SPRO,0.0,1.0,0.0,0.0
ATMC,0.0,1.0,0.0,0.0
UHG,0.0,1.0,0.0,0.0
SURG,0.0,1.0,0.0,0.0
GDST,0.0,1.0,0.0,0.0
DGICB,0.0,1.0,0.0,0.0
CADL,0.0,1.0,0.0,0.0
LVTX,0.0,1.0,0.0,0.0
ASXC,0.0,1.0,0.0,0.0
GRDI,0.0,1.0,0.0,0.0
CULL,0.0,1.0,0.0,0.0
ASRT,0.0,1.0,0.0,0.0
CUE,0.0,1.0,0.0,0.0
ASMB,0.0,1.0,0.0,0.0
MGYR,0.0,1.0,0.0,0.0
SPRU,0.0,1.0,0.0,0.0
WRAP,0.0,1.0,0.0,0.0
TENK,0.0,1.0,0.0,0.0
LUNA,0.0,1.0,0.0,0.0
DHAI,0.0,1.0,0.0,0.0
PSNL,0.0,1.0,0.0,0.0
SWSS,0.0,1.0,0.0,0.0
EGIO,0.0,1.0,0.0,0.0
ABAT,0.0,1.0,0.0,0.0
ANTX,0.0,1.0,0.0,0.0
NVNO,0.0,1.0,0.0,0.0
CVM,0.0,1.0,0.0,0.0
MITA,0.0,1.0,0.0,0.0
BCOV,0.0,1.0,0.0,0.0
BKKT,0.0,1.0,0.0,0.0
MSSA,0.0,1.0,0.0,0.0
ZLS,0.0,1.0,0.0,0.0
VMCA,0.0,1.0,0.0,0.0
CHCI,0.0,1.0,0.0,0.0
VGZ,0.0,1.0,0.0,0.0
CARM,0.0,1.0,0.0,0.0
TYGO,0.0,1.0,0.0,0.0
FHLT,0.0,1.0,0.0,0.0
OPOF,0.0,1.0,0.0,0.0
QUBT,0.0,1.0,0.0,0.0
SCYX,0.0,1.0,0.0,0.0
OMEX,0.0,1.0,0.0,0.0
AEAE,0.0,1.0,0.0,0.0
ANEB,0.0,1.0,0.0,0.0
BNTC,0.0,1.0,0.0,0.0
NVAC,0.0,1.0,0.0,0.0
NRT,0.0,1.0,0.0,0.0
BOCN,0.0,1.0,0.0,0.0
WFCF,0.0,1.0,0.0,0.0
ASYS,0.0,1.0,0.0,0.0
SOTK,0.0,1.0,0.0,0.0
SNCR,0.0,1.0,0.0,0.0
DMYY,0.0,1.0,0.0,0.0
DTIL,0.0,1.0,0.0,0.0
SCOR,0.0,1.0,0.0,0.0
SSBI,0.0,1.0,0.0,0.0
MPTI,0.0,1.0,0.0,0.0
TLGY,0.0,1.0,0.0,0.0
TKNO,0.0,1.0,0.0,0.0
FARM,0.0,1.0,0.0,0.0
AIRT,0.0,1.0,0.0,0.0
GLLI,0.0,1.0,0.0,0.0
MAIA,0.0,1.0,0.0,0.0
BHM,0.0,1.0,0.0,0.0
LSBK,0.0,1.0,0.0,0.0
TIL,0.0,1.0,0.0,0.0
PRTS,0.0,1.0,0.0,0.0
NDLS,0.0,1.0,0.0,0.0
CDTX,0.0,1.0,0.0,0.0
MGRM,0.0,1.0,0.0,0.0
TBNK,0.0,1.0,0.0,0.0
AXIL,0.0,1.0,0.0,0.0
FEAM,0.0,1.0,0.0,0.0
CSBR,0.0,1.0,0.0,0.0
VTVT,0.0,1.0,0.0,0.0
GLT,0.0,1.0,0.0,0.0
CLPR,0.0,1.0,0.0,0.0
MURA,0.0,1.0,0.0,0.0
RAIL,0.0,1.0,0.0,0.0
AUBN,0.0,1.0,0.0,0.0
GHIX,0.0,1.0,0.0,0.0
VBFC,0.0,1.0,0.0,0.0
PPIH,0.0,1.0,0.0,0.0
SLS,0.0,1.0,0.0,0.0
TARA,0.0,1.0,0.0,0.0
VNRX,0.0,1.0,0.0,0.0
CELU,0.0,1.0,0.0,0.0
NBST,0.0,1.0,0.0,0.0
GLST,0.0,1.0,0.0,0.0
ESP,0.0,1.0,0.0,0.0
PDEX,0.0,1.0,0.0,0.0
IKNA,0.0,1.0,0.0,0.0
FTCI,0.0,1.0,0.0,0.0
CDAQ,0.0,1.0,0.0,0.0
CCEL,0.0,1.0,0.0,0.0
MNOV,0.0,1.0,0.0,0.0
AMIX,0.0,1.0,0.0,0.0
CLOE,0.0,1.0,0.0,0.0
TSBX,0.0,1.0,0.0,0.0
CETY,0.0,1.0,0.0,0.0
HUDA,0.0,1.0,0.0,0.0
DPSI,0.0,1.0,0.0,0.0
CALC,0.0,1.0,0.0,0.0
BIRD,0.0,1.0,0.0,0.0
IGTA,0.0,1.0,0.0,0.0
ZVIA,0.0,1.0,0.0,0.0
PBHC,0.0,1.0,0.0,0.0
GRYP,0.0,1.0,0.0,0.0
KRON,0.0,1.0,0.0,0.0
NEOV,0.0,1.0,0.0,0.0
AIRG,0.0,1.0,0.0,0.0
KZR,0.0,1.0,0.0,0.0
BLAC,0.0,1.0,0.0,0.0
SKIL,0.0,1.0,0.0,0.0
BNIX,0.0,1.0,0.0,0.0
IDN,0.0,1.0,0.0,0.0
GEG,0.0,1.0,0.0,0.0
FORL,0.0,1.0,0.0,0.0
LINK,0.0,1.0,0.0,0.0
KORE,0.0,1.0,0.0,0.0
ELUT,0.0,1.0,0.0,0.0
ONDS,0.0,1.0,0.0,0.0
LOAN,0.0,1.0,0.0,0.0
UPLD,0.0,1.0,0.0,0.0
CULP,0.0,1.0,0.0,0.0
MKTW,0.0,1.0,0.0,0.0
KNW,0.0,1.0,0.0,0.0
STRW,0.0,1.0,0.0,0.0
SOND,0.0,1.0,0.0,0.0
PIII,0.0,1.0,0.0,0.0
LANDM,0.0,1.0,0.0,0.0
AQMS,0.0,1.0,0.0,0.0
BFAC,0.0,1.0,0.0,0.0
GATE,0.0,1.0,0.0,0.0
PRLH,0.0,1.0,0.0,0.0
TCBC,0.0,1.0,0.0,0.0
CCTS,0.0,1.0,0.0,0.0
FUSB,0.0,1.0,0.0,0.0
BRBS,0.0,1.0,0.0,0.0
BWAQ,0.0,1.0,0.0,0.0
BHAC,0.0,1.0,0.0,0.0
IPWR,0.0,1.0,0.0,0.0
AKTS,0.0,1.0,0.0,0.0
UONEK,0.0,1.0,0.0,0.0
WKHS,0.0,1.0,0.0,0.0
XOS,0.0,1.0,0.0,0.0
AONC,0.0,1.0,0.0,0.0
OSS,0.0,1.0,0.0,0.0
HCWB,0.0,1.0,0.0,0.0
BNGO,0.0,1.0,0.0,0.0
DERM,0.0,1.0,0.0,0.0
REFR,0.0,1.0,0.0,0.0
XPL,0.0,1.0,0.0,0.0
IFIN,0.0,1.0,0.0,0.0
IROQ,0.0,1.0,0.0,0.0
SRTS,0.0,1.0,0.0,0.0
ENZ,0.0,1.0,0.0,0.0
BEAT,0.0,1.0,0.0,0.0
ASPS,0.0,1.0,0.0,0.0
PHUN,0.0,1.0,0.0,0.0
GANX,0.0,1.0,0.0,0.0
BAFN,0.0,1.0,0.0,0.0
NEUE,0.0,1.0,0.0,0.0
CLST,0.0,1.0,0.0,0.0
FOA,0.0,1.0,0.0,0.0
LPTH,0.0,1.0,0.0,0.0
PVL,0.0,1.0,0.0,0.0
CMTL,0.0,1.0,0.0,0.0
BZFD,0.0,1.0,0.0,0.0
BRAC,0.0,1.0,0.0,0.0
GAN,0.0,1.0,0.0,0.0
RPHM,0.0,1.0,0.0,0.0
HHS,0.0,1.0,0.0,0.0
EQ,0.0,1.0,0.0,0.0
VATE,0.0,1.0,0.0,0.0
CRWS,0.0,1.0,0.0,0.0
KINS,0.0,1.0,0.0,0.0
INTS,0.0,1.0,0.0,0.0
HNNA,0.0,1.0,0.0,0.0
AVRO,0.0,1.0,0.0,0.0
IMMX,0.0,1.0,0.0,0.0
ALGS,0.0,1.0,0.0,0.0
ABIO,0.0,1.0,0.0,0.0
LTRN,0.0,1.0,0.0,0.0
ROCL,0.0,1.0,0.0,0.0
INSG,0.0,1.0,0.0,0.0
AHT,0.0,1.0,0.0,0.0
MLEC,0.0,1.0,0.0,0.0
BKTI,0.0,1.0,0.0,0.0
MODD,0.0,1.0,0.0,0.0
TUP,0.0,1.0,0.0,0.0
NSTS,0.0,1.0,0.0,0.0
SOAR,0.0,1.0,0.0,0.0
ICCH,0.0,1.0,0.0,0.0
EGRX,0.0,1.0,0.0,0.0
MCHX,0.0,1.0,0.0,0.0
OPXS,0.0,1.0,0.0,0.0
AIRE,0.0,1.0,0.0,0.0
XAIR,0.0,1.0,0.0,0.0
AIRTP,0.0,1.0,0.0,0.0
RNLX,0.0,1.0,0.0,0.0
AQU,0.0,1.0,0.0,0.0
LPSN,0.0,1.0,0.0,0.0
CURI,0.0,1.0,0.0,0.0
ARKR,0.0,1.0,0.0,0.0
BREZ,0.0,1.0,0.0,0.0
CUTR,0.0,1.0,0.0,0.0
GROV,0.0,1.0,0.0,0.0
PRT,0.0,1.0,0.0,0.0
KCGI,0.0,1.0,0.0,0.0
IVCP,0.0,1.0,0.0,0.0
NICK,0.0,1.0,0.0,0.0
BRACU,0.0,1.0,0.0,0.0
CPTN,0.0,1.0,0.0,0.0
TACT,0.0,1.0,0.0,0.0
BDL,0.0,1.0,0.0,0.0
RENT,0.0,1.0,0.0,0.0
WEL,0.0,1.0,0.0,0.0
DWSN,0.0,1.0,0.0,0.0
MRDB,0.0,1.0,0.0,0.0
HSON,0.0,1.0,0.0,0.0
WTMA,0.0,1.0,0.0,0.0
MTNB,0.0,1.0,0.0,0.0
GORO,0.0,1.0,0.0,0.0
MARX,0.0,1.0,0.0,0.0
KPLT,0.0,1.0,0.0,0.0
CXAI,0.0,1.0,0.0,0.0
LL,0.0,1.0,0.0,0.0
LVLU,0.0,1.0,0.0,0.0
IZEA,0.0,1.0,0.0,0.0
NTIP,0.0,1.0,0.0,0.0
CKPT,0.0,1.0,0.0,0.0
DXR,0.0,1.0,0.0,0.0
SELF,0.0,1.0,0.0,0.0
CENN,0.0,1.0,0.0,0.0
KTCC,0.0,1.0,0.0,0.0
DFLI,0.0,1.0,0.0,0.0
LODE,0.0,1.0,0.0,0.0
RBOT,0.0,1.0,0.0,0.0
INTG,0.0,1.0,0.0,0.0
OGCP,0.0,1.0,0.0,0.0
GENK,0.0,1.0,0.0,0.0
BWEN,0.0,1.0,0.0,0.0
BOTJ,0.0,1.0,0.0,0.0
GORV,0.0,1.0,0.0,0.0
INUV,0.0,1.0,0.0,0.0
FEXD,0.0,1.0,0.0,0.0
TCBS,0.0,1.0,0.0,0.0
TOON,0.0,1.0,0.0,0.0
NSYS,0.0,1.0,0.0,0.0
CFSB,0.0,1.0,0.0,0.0
IMRX,0.0,1.0,0.0,0.0
LUXH,0.0,1.0,0.0,0.0
MOVE,0.0,1.0,0.0,0.0
AP,0.0,1.0,0.0,0.0
MGLD,0.0,1.0,0.0,0.0
PLTN,0.0,1.0,0.0,0.0
ESLA,0.0,1.0,0.0,0.0
HYPR,0.0,1.0,0.0,0.0
QNCX,0.0,1.0,0.0,0.0
CMLS,0.0,1.0,0.0,0.0
WINV,0.0,1.0,0.0,0.0
APYX,0.0,1.0,0.0,0.0
INTE,0.0,1.0,0.0,0.0
UNCY,0.0,1.0,0.0,0.0
CTSO,0.0,1.0,0.0,0.0
GCTS,0.0,0.9898,0.0,0.0102
AADI,0.0,1.0,0.0,0.0
TPCS,0.0,1.0,0.0,0.0
MLSS,0.0,1.0,0.0,0.0
ISDR,0.0,1.0,0.0,0.0
MACA,0.0,1.0,0.0,0.0
OCUP,0.0,1.0,0.0,0.0
ASRV,0.0,1.0,0.0,0.0
OPHC,0.0,1.0,0.0,0.0
RMTI,0.0,1.0,0.0,0.0
TCS,0.0,1.0,0.0,0.0
DHAC,0.0,1.0,0.0,0.0
FSEA,0.0,1.0,0.0,0.0
DECA,0.0,1.0,0.0,0.0
ARYD,0.0,1.0,0.0,0.0
DRIO,0.0,1.0,0.0,0.0
CLNN,0.0,1.0,0.0,0.0
FRLA,0.0,1.0,0.0,0.0
GAME,0.0,1.0,0.0,0.0
PODC,0.0,1.0,0.0,0.0
CYTH,0.0,1.0,0.0,0.0
BACA,0.0,1.0,0.0,0.0
NKGN,0.0,1.0,0.0,0.0
IRIX,0.0,1.0,0.0,0.0
PFTA,0.0,1.0,0.0,0.0
TLF,0.0,1.0,0.0,0.0
NTRB,0.0,1.0,0.0,0.0
SEPA,0.0,1.0,0.0,0.0
TTOO,0.0,1.0,0.0,0.0
INAB,0.0,1.0,0.0,0.0
BOLT,0.0,1.0,0.0,0.0
BCOW,0.0,1.0,0.0,0.0
QMCO,0.0,1.0,0.0,0.0
EVA,0.0,1.0,0.0,0.0
BHIL,0.0,1.0,0.0,0.0
HWH,0.0,1.0,0.0,0.0
MAQC,0.0,1.0,0.0,0.0
SHFS,0.0,1.0,0.0,0.0
FOSL,0.0,1.0,0.0,0.0
DYAI,0.0,1.0,0.0,0.0
FLNT,0.0,1.0,0.0,0.0
USAU,0.0,1.0,0.0,0.0
RFL,0.0,1.0,0.0,0.0
FGF,0.0,1.0,0.0,0.0
SDPI,0.0,1.0,0.0,0.0
BLEU,0.0,1.0,0.0,0.0
NCSM,0.0,1.0,0.0,0.0
BPT,0.0,1.0,0.0,0.0
VGAS,0.0,1.0,0.0,0.0
SGRP,0.0,1.0,0.0,0.0
MSAI,0.0,1.0,0.0,0.0
CARA,0.0,1.0,0.0,0.0
ICU,0.0,1.0,0.0,0.0
TURN,0.0,1.0,0.0,0.0
DGHI,0.0,1.0,0.0,0.0
ICCC,0.0,1.0,0.0,0.0
DZSI,0.0,1.0,0.0,0.0
AWRE,0.0,1.0,0.0,0.0
MDBH,0.0,1.0,0.0,0.0
VYNE,0.0,1.0,0.0,0.0
AWH,0.0,1.0,0.0,0.0
ICAD,0.0,1.0,0.0,0.0
OWLT,0.0,1.0,0.0,0.0
EYEN,0.0,1.0,0.0,0.0
ZPTA,0.0,1.0,0.0,0.0
USIO,0.0,1.0,0.0,0.0
NRXP,0.0,1.0,0.0,0.0
KSCP,0.0,1.0,0.0,0.0
MESA,0.0,1.0,0.0,0.0
FTEK,0.0,1.0,0.0,0.0
QOMO,0.0,1.0,0.0,0.0
SDIG,0.0,1.0,0.0,0.0
LUCD,0.0,1.0,0.0,0.0
CPBI,0.0,1.0,0.0,0.0
PDYN,0.0,1.0,0.0,0.0
JRSH,0.0,1.0,0.0,0.0
WAVS,0.0,1.0,0.0,0.0
RWOD,0.0,1.0,0.0,0.0
CTCX,0.0,1.0,0.0,0.0
BODI,0.0,1.0,0.0,0.0
MRKR,0.0,1.0,0.0,0.0
GTAC,0.0,1.0,0.0,0.0
LTBR,0.0,1.0,0.0,0.0
RPID,0.0,1.0,0.0,0.0
BCLI,0.0,1.0,0.0,0.0
ECDA,0.0,1.0,0.0,0.0
NAII,0.0,1.0,0.0,0.0
CODX,0.0,1.0,0.0,0.0
UG,0.0,1.0,0.0,0.0
HFBL,0.0,1.0,0.0,0.0
CSLR,0.0,1.0,0.0,0.0
EVTV,0.0,1.0,0.0,0.0
QRTEB,0.0,1.0,0.0,0.0
OCAX,0.0,1.0,0.0,0.0
ZDGE,0.0,1.0,0.0,0.0
HYFM,0.0,1.0,0.0,0.0
AAME,0.0,1.0,0.0,0.0
CREX,0.0,1.0,0.0,0.0
DTST,0.0,1.0,0.0,0.0
CVU,0.0,1.0,0.0,0.0
VIA,0.0,1.0,0.0,0.0
APLM,0.0,1.0,0.0,0.0
BGXX,0.0,1.0,0.0,0.0
FLFV,0.0,1.0,0.0,0.0
AGAE,0.0,1.0,0.0,0.0
RDI,0.0,1.0,0.0,0.0
NXTC,0.0,1.0,0.0,0.0
FKWL,0.0,1.0,0.0,0.0
PPSI,0.0,1.0,0.0,0.0
JOB,0.0,1.0,0.0,0.0
SRFM,0.0,1.0,0.0,0.0
ACXP,0.0,1.0,0.0,0.0
XLO,0.0,1.0,0.0,0.0
LNSR,0.0,1.0,0.0,0.0
IGC,0.0,1.0,0.0,0.0
CLIR,0.0,1.0,0.0,0.0
SABS,0.0,1.0,0.0,0.0
FBIO,0.0,1.0,0.0,0.0
VIRX,0.0,1.0,0.0,0.0
OSI,0.0,1.0,0.0,0.0
RVP,0.0,1.0,0.0,0.0
POCI,0.0,1.0,0.0,0.0
BRLT,0.0,1.0,0.0,0.0
ECOR,0.0,1.0,0.0,0.0
SYPR,0.0,1.0,0.0,0.0
BYFC,0.0,1.0,0.0,0.0
PALT,0.0,1.0,0.0,0.0
FTII,0.0,1.0,0.0,0.0
MDAI,0.0,1.0,0.0,0.0
JAN,0.0,1.0,0.0,0.0
OCX,0.0,1.0,0.0,0.0
SRZN,0.0,1.0,0.0,0.0
INKT,0.0,1.0,0.0,0.0
GROW,0.0,1.0,0.0,0.0
RR,0.0,1.0,0.0,0.0
TCOA,0.0,1.0,0.0,0.0
SVT,0.0,1.0,0.0,0.0
INLX,0.0,1.0,0.0,0.0
FTHM,0.0,1.0,0.0,0.0
VIVK,0.0,1.0,0.0,0.0
RAVE,0.0,1.0,0.0,0.0
RFIL,0.0,1.0,0.0,0.0
KFFB,0.0,1.0,0.0,0.0
RNXT,0.0,1.0,0.0,0.0
CVV,0.0,1.0,0.0,0.0
CEI,0.0,1.0,0.0,0.0
LGL,0.0,1.0,0.0,0.0
NUTX,0.0,1.0,0.0,0.0
GTIM,0.0,1.0,0.0,0.0
YHGJ,0.0,1.0,0.0,0.0
NTWK,0.0,1.0,0.0,0.0
DRRX,0.0,1.0,0.0,0.0
OMIC,0.0,1.0,0.0,0.0
PBBK,0.0,1.0,0.0,0.0
SGMA,0.0,1.0,0.0,0.0
PTN,0.0,1.0,0.0,0.0
CKX,0.0,1.0,0.0,0.0
NMTC,0.0,1.0,0.0,0.0
TISI,0.0,1.0,0.0,0.0
MXC,0.0,1.0,0.0,0.0
ICD,0.0,1.0,0.0,0.0
BIAF,0.0,1.0,0.0,0.0
USEG,0.0,1.0,0.0,0.0
BRN,0.0,1.0,0.0,0.0
APRE,0.0,1.0,0.0,0.0
RDIB,0.0,1.0,0.0,0.0
SPRB,0.0,1.0,0.0,0.0
BTCM,0.0,1.0,0.0,0.0
OESX,0.0,1.0,0.0,0.0
CREV,0.0,1.0,0.0,0.0
LOCL,0.0,1.0,0.0,0.0
BTM,0.0,1.0,0.0,0.0
BSGM,0.0,1.0,0.0,0.0
TRT,0.0,1.0,0.0,0.0
PZG,0.0,1.0,0.0,0.0
LAES,0.0,1.0,0.0,0.0
XTIA,0.0,1.0,0.0,0.0
DARE,0.0,1.0,0.0,0.0
ALCE,0.0,1.0,0.0,0.0
BIVI,0.0,1.0,0.0,0.0
VNCE,0.0,1.0,0.0,0.0
FEMY,0.0,1.0,0.0,0.0
SOHO,0.0,1.0,0.0,0.0
DAIO,0.0,1.0,0.0,0.0
BLUA,0.0,1.0,0.0,0.0
FBRX,0.0,1.0,0.0,0.0
CPSH,0.0,1.0,0.0,0.0
UBX,0.0,1.0,0.0,0.0
SNSE,0.0,1.0,0.0,0.0
DLPN,0.0,1.0,0.0,0.0
XGN,0.0,1.0,0.0,0.0
LRHC,0.0,1.0,0.0,0.0
ITRM,0.0,1.0,0.0,0.0
CPIX,0.0,1.0,0.0,0.0
SONM,0.0,1.0,0.0,0.0
GMFI,0.0,1.0,0.0,0.0
AOGO,0.0,1.0,0.0,0.0
BRFH,0.0,1.0,0.0,0.0
YYAI,0.0,1.0,0.0,0.0
ONCT,0.0,1.0,0.0,0.0
AIRI,0.0,1.0,0.0,0.0
BTCS,0.0,1.0,0.0,0.0
WWR,0.0,1.0,0.0,0.0
KIRK,0.0,1.0,0.0,0.0
UGRO,0.0,1.0,0.0,0.0
RMCF,0.0,1.0,0.0,0.0
LPCN,0.0,1.0,0.0,0.0
EKSO,0.0,1.0,0.0,0.0
ZCAR,0.0,1.0,0.0,0.0
GBNY,0.0,1.0,0.0,0.0
UAMY,0.0,1.0,0.0,0.0
SMSI,0.0,1.0,0.0,0.0
NEPH,0.0,1.0,0.0,0.0
NMHI,0.0,1.0,0.0,0.0
FISK,0.0,1.0,0.0,0.0
WHLM,0.0,1.0,0.0,0.0
LSTA,0.0,1.0,0.0,0.0
MULN,0.0,1.0,0.0,0.0
MRAI,0.0,1.0,0.0,0.0
OCC,0.0,1.0,0.0,0.0
LUMO,0.0,1.0,0.0,0.0
ZEO,0.0,1.0,0.0,0.0
HLTH,0.0,1.0,0.0,0.0
TXMD,0.0,1.0,0.0,0.0
VRM,0.0,1.0,0.0,0.0
ULY,0.0,1.0,0.0,0.0
AIM,0.0,1.0,0.0,0.0
BIOR,0.0,1.0,0.0,0.0
GTEC,0.0,1.0,0.0,0.0
SER,0.0,1.0,0.0,0.0
CNGL,0.0,1.0,0.0,0.0
KOSS,0.0,1.0,0.0,0.0
SYBX,0.0,1.0,0.0,0.0
DUOT,0.0,1.0,0.0,0.0
NRXS,0.0,1.0,0.0,0.0
UONE,0.0,1.0,0.0,0.0
CLRO,0.0,1.0,0.0,0.0
AMS,0.0,1.0,0.0,0.0
APCX,0.0,1.0,0.0,0.0
BFRG,0.0,1.0,0.0,0.0
FPAY,0.0,1.0,0.0,0.0
MIGI,0.0,1.0,0.0,0.0
VRME,0.0,1.0,0.0,0.0
CERO,0.0,1.0,0.0,0.0
VSAC,0.0,1.0,0.0,0.0
EQS,0.0,1.0,0.0,0.0
TRUG,0.0,1.0,0.0,0.0
HTOO,0.0,1.0,0.0,0.0
LPTV,0.0,1.0,0.0,0.0
SWAG,0.0,1.0,0.0,0.0
NXPL,0.0,1.0,0.0,0.0
DMTK,0.0,1.0,0.0,0.0
AREN,0.0,1.0,0.0,0.0
TCRT,0.0,1.0,0.0,0.0
MEIP,0.0,1.0,0.0,0.0
GIPR,0.0,1.0,0.0,0.0
PEV,0.0,1.0,0.0,0.0
GREE,0.0,1.0,0.0,0.0
ACAC,0.0,1.0,0.0,0.0
KALA,0.0,1.0,0.0,0.0
LASE,0.0,1.0,0.0,0.0
DRCT,0.0,1.0,0.0,0.0
AXDX,0.0,1.0,0.0,0.0
WVVIP,0.0,1.0,0.0,0.0
WVVI,0.0,1.0,0.0,0.0
FCUV,0.0,1.0,0.0,0.0
HOFV,0.0,1.0,0.0,0.0
FATH,0.0,1.0,0.0,0.0
INDP,0.0,1.0,0.0,0.0
SIF,0.0,1.0,0.0,0.0
VHC,0.0,1.0,0.0,0.0
TWOU,0.0,1.0,0.0,0.0
WKEY,0.0,1.0,0.0,0.0
AAGR,0.0,1.0,0.0,0.0
ALPP,0.0,1.0,0.0,0.0
VRAR,0.0,1.0,0.0,0.0
SANW,0.0,1.0,0.0,0.0
ANY,0.0,1.0,0.0,0.0
BMTX,0.0,1.0,0.0,0.0
STRM,0.0,1.0,0.0,0.0
JCTCF,0.0,1.0,0.0,0.0
CCLD,0.0,1.0,0.0,0.0
XELB,0.0,1.0,0.0,0.0
PMCB,0.0,1.0,0.0,0.0
BIMI,0.0,1.0,0.0,0.0
ATIP,0.0,1.0,0.0,0.0
PRST,0.0,1.0,0.0,0.0
MSS,0.0,1.0,0.0,0.0
GETR,0.0,1.0,0.0,0.0
QTI,0.0,1.0,0.0,0.0
WYY,0.0,1.0,0.0,0.0
VBIV,0.0,1.0,0.0,0.0
EDUC,0.0,1.0,0.0,0.0
GYRO,0.0,1.0,0.0,0.0
MCVT,0.0,1.0,0.0,0.0
TSRI,0.0,1.0,0.0,0.0
NERV,0.0,1.0,0.0,0.0
CYN,0.0,1.0,0.0,0.0
LSF,0.0,1.0,0.0,0.0
PAVM,0.0,1.0,0.0,0.0
TLPH,0.0,1.0,0.0,0.0
TAIT,0.0,1.0,0.0,0.0
AKLI,0.0,1.0,0.0,0.0
COCP,0.0,1.0,0.0,0.0
TLIS,0.0,1.0,0.0,0.0
DALN,0.0,1.0,0.0,0.0
MTR,0.0,1.0,0.0,0.0
XPON,0.0,1.0,0.0,0.0
VINC,0.0,1.0,0.0,0.0
FTFT,0.0,1.0,0.0,0.0
CVR,0.0,1.0,0.0,0.0
TRAW,0.0,1.0,0.0,0.0
FLGC,0.0,1.0,0.0,0.0
AYTU,0.0,1.0,0.0,0.0
NYC,0.0,1.0,0.0,0.0
ASTC,0.0,1.0,0.0,0.0
PLAG,0.0,1.0,0.0,0.0
HUSA,0.0,1.0,0.0,0.0
TNXP,0.0,1.0,0.0,0.0
NRBO,0.0,1.0,0.0,0.0
SGLY,0.0,1.0,0.0,0.0
LIFW,0.0,1.0,0.0,0.0
CTNT,0.0,1.0,0.0,0.0
XELA,0.0,1.0,0.0,0.0
SPI,0.0,1.0,0.0,0.0
AINC,0.0,1.0,0.0,0.0
ORGS,0.0,1.0,0.0,0.0
IPW,0.0,1.0,0.0,0.0
ASTR,0.0,1.0,0.0,0.0
NNVC,0.0,1.0,0.0,0.0
CDIO,0.0,1.0,0.0,0.0
SNTI,0.0,1.0,0.0,0.0
PSTV,0.0,1.0,0.0,0.0
VWE,0.0,1.0,0.0,0.0
WKSP,0.0,1.0,0.0,0.0
CWD,0.0,1.0,0.0,0.0
VERB,0.0,1.0,0.0,0.0
COHN,0.0,1.0,0.0,0.0
BNED,0.0,1.0,0.0,0.0
BBGI,0.0,1.0,0.0,0.0
SNAL,0.0,1.0,0.0,0.0
FATBB,0.0,1.0,0.0,0.0
LIDR,0.0,1.0,0.0,0.0
IBIO,0.0,1.0,0.0,0.0
RGF,0.0,1.0,0.0,0.0
ATER,0.0,0.999,0.0,0.001
FFIE,0.0,1.0,0.0,0.0
DJTWW,0.0,1.0,0.0,0.0
NUKKW,0.0,1.0,0.0,0.0
SOHON,0.0,1.0,0.0,0.0
SOHOO,0.0,1.0,0.0,0.0
SOHOB,0.0,1.0,0.0,0.0
WHLRD,0.0,1.0,0.0,0.0
